2,5,0,749d8459047a7c024738d643524b889a
11,20,0,0cdd2260af00904baedc94baa0050fd6
2,19,1,f933c71f15dfb64842fd9832e3734ad4
4,11,1,f933c71f15dfb64842fd9832e3734ad4
9,20,0,0cdd2260af00904baedc94baa0050fd6
10,16,1,0cdd2260af00904baedc94baa0050fd6
0,8,0,0cdd2260af00904baedc94baa0050fd6
5,6,1,0cdd2260af00904baedc94baa0050fd6
7,8,0,0cdd2260af00904baedc94baa0050fd6
0,20,0,0cdd2260af00904baedc94baa0050fd6
8,14,1,0cdd2260af00904baedc94baa0050fd6
4,16,1,0cdd2260af00904baedc94baa0050fd6
1,11,0,0cdd2260af00904baedc94baa0050fd6
4,20,0,0cdd2260af00904baedc94baa0050fd6
1,12,0,0cdd2260af00904baedc94baa0050fd6
1,5,0,0cdd2260af00904baedc94baa0050fd6
2,9,1,0cdd2260af00904baedc94baa0050fd6
8,16,1,0cdd2260af00904baedc94baa0050fd6
18,20,0,0cdd2260af00904baedc94baa0050fd6
1,13,0,0cdd2260af00904baedc94baa0050fd6
8,18,1,0cdd2260af00904baedc94baa0050fd6
12,20,0,0cdd2260af00904baedc94baa0050fd6
9,19,0,0cdd2260af00904baedc94baa0050fd6
9,18,0,0cdd2260af00904baedc94baa0050fd6
2,14,0,0cdd2260af00904baedc94baa0050fd6
10,15,0,0cdd2260af00904baedc94baa0050fd6
7,20,0,0cdd2260af00904baedc94baa0050fd6
1,17,1,0cdd2260af00904baedc94baa0050fd6
2,5,0,f933c71f15dfb64842fd9832e3734ad4
12,14,0,66c5efe2df6c573bdca5a3da6061a40e
1,19,0,66c5efe2df6c573bdca5a3da6061a40e
8,11,0,66c5efe2df6c573bdca5a3da6061a40e
7,18,1,66c5efe2df6c573bdca5a3da6061a40e
0,7,0,66c5efe2df6c573bdca5a3da6061a40e
1,14,0,66c5efe2df6c573bdca5a3da6061a40e
4,7,0,66c5efe2df6c573bdca5a3da6061a40e
14,18,1,66c5efe2df6c573bdca5a3da6061a40e
2,11,0,66c5efe2df6c573bdca5a3da6061a40e
13,20,1,66c5efe2df6c573bdca5a3da6061a40e
3,15,0,66c5efe2df6c573bdca5a3da6061a40e
5,18,0,66c5efe2df6c573bdca5a3da6061a40e
9,10,0,66c5efe2df6c573bdca5a3da6061a40e
13,19,1,66c5efe2df6c573bdca5a3da6061a40e
3,9,0,30b7051a71c04de302ca70134f9b3b92
10,20,1,30b7051a71c04de302ca70134f9b3b92
7,14,1,30b7051a71c04de302ca70134f9b3b92
9,20,1,30b7051a71c04de302ca70134f9b3b92
7,13,1,30b7051a71c04de302ca70134f9b3b92
7,13,1,30b7051a71c04de302ca70134f9b3b92
2,11,0,30b7051a71c04de302ca70134f9b3b92
5,17,0,30b7051a71c04de302ca70134f9b3b92
2,16,1,30b7051a71c04de302ca70134f9b3b92
3,4,1,30b7051a71c04de302ca70134f9b3b92
2,12,0,30b7051a71c04de302ca70134f9b3b92
13,17,1,30b7051a71c04de302ca70134f9b3b92
3,6,0,30b7051a71c04de302ca70134f9b3b92
3,18,0,30b7051a71c04de302ca70134f9b3b92
6,20,1,30b7051a71c04de302ca70134f9b3b92
4,16,0,30b7051a71c04de302ca70134f9b3b92
0,8,1,30b7051a71c04de302ca70134f9b3b92
3,17,0,30b7051a71c04de302ca70134f9b3b92
4,6,0,30b7051a71c04de302ca70134f9b3b92
8,9,0,30b7051a71c04de302ca70134f9b3b92
1,8,1,30b7051a71c04de302ca70134f9b3b92
14,18,0,30b7051a71c04de302ca70134f9b3b92
1,14,1,30b7051a71c04de302ca70134f9b3b92
3,17,0,5c856391c9043cb3fcfe5fd5211746d6
4,19,0,5c856391c9043cb3fcfe5fd5211746d6
13,16,1,5c856391c9043cb3fcfe5fd5211746d6
1,13,0,5c856391c9043cb3fcfe5fd5211746d6
15,17,1,5c856391c9043cb3fcfe5fd5211746d6
4,14,0,5c856391c9043cb3fcfe5fd5211746d6
0,9,1,5c856391c9043cb3fcfe5fd5211746d6
11,12,0,5c856391c9043cb3fcfe5fd5211746d6
5,8,0,5c856391c9043cb3fcfe5fd5211746d6
6,9,0,5c856391c9043cb3fcfe5fd5211746d6
7,8,0,5c856391c9043cb3fcfe5fd5211746d6
5,16,1,5c856391c9043cb3fcfe5fd5211746d6
7,17,1,5c856391c9043cb3fcfe5fd5211746d6
3,6,0,5c856391c9043cb3fcfe5fd5211746d6
6,16,0,5c856391c9043cb3fcfe5fd5211746d6
1,7,0,5c856391c9043cb3fcfe5fd5211746d6
1,10,0,5c856391c9043cb3fcfe5fd5211746d6
10,14,0,5c856391c9043cb3fcfe5fd5211746d6
8,11,1,5c856391c9043cb3fcfe5fd5211746d6
13,19,0,5c856391c9043cb3fcfe5fd5211746d6
13,20,1,5c856391c9043cb3fcfe5fd5211746d6
13,15,0,5c856391c9043cb3fcfe5fd5211746d6
2,19,0,5c856391c9043cb3fcfe5fd5211746d6
0,11,0,5c856391c9043cb3fcfe5fd5211746d6
10,18,0,5c856391c9043cb3fcfe5fd5211746d6
3,4,0,5c856391c9043cb3fcfe5fd5211746d6
3,7,0,5c856391c9043cb3fcfe5fd5211746d6
4,18,0,5c856391c9043cb3fcfe5fd5211746d6
8,13,1,ffa0334a81819233f6253d1f50c7c3af
0,13,1,ffa0334a81819233f6253d1f50c7c3af
2,16,1,ffa0334a81819233f6253d1f50c7c3af
2,14,1,ffa0334a81819233f6253d1f50c7c3af
0,18,1,ffa0334a81819233f6253d1f50c7c3af
3,18,0,ffa0334a81819233f6253d1f50c7c3af
11,16,1,ffa0334a81819233f6253d1f50c7c3af
9,20,0,ffa0334a81819233f6253d1f50c7c3af
0,6,1,ffa0334a81819233f6253d1f50c7c3af
0,19,0,ffa0334a81819233f6253d1f50c7c3af
10,17,1,ffa0334a81819233f6253d1f50c7c3af
14,17,0,ffa0334a81819233f6253d1f50c7c3af
3,10,0,ffa0334a81819233f6253d1f50c7c3af
17,18,0,ffa0334a81819233f6253d1f50c7c3af
12,17,0,ffa0334a81819233f6253d1f50c7c3af
2,3,1,ffa0334a81819233f6253d1f50c7c3af
6,19,0,ffa0334a81819233f6253d1f50c7c3af
12,15,0,ffa0334a81819233f6253d1f50c7c3af
8,19,0,ffa0334a81819233f6253d1f50c7c3af
5,18,1,ffa0334a81819233f6253d1f50c7c3af
11,15,1,ffa0334a81819233f6253d1f50c7c3af
2,16,1,ffa0334a81819233f6253d1f50c7c3af
14,19,0,ffa0334a81819233f6253d1f50c7c3af
11,15,1,ffa0334a81819233f6253d1f50c7c3af
10,20,0,ffa0334a81819233f6253d1f50c7c3af
15,18,0,ffa0334a81819233f6253d1f50c7c3af
3,5,0,ffa0334a81819233f6253d1f50c7c3af
2,16,1,ffa0334a81819233f6253d1f50c7c3af
5,19,0,1bc8052fc357986cea6bf530ff4d5d3a
11,12,0,1bc8052fc357986cea6bf530ff4d5d3a
8,16,1,1bc8052fc357986cea6bf530ff4d5d3a
11,15,0,1bc8052fc357986cea6bf530ff4d5d3a
0,12,0,1bc8052fc357986cea6bf530ff4d5d3a
3,11,1,1bc8052fc357986cea6bf530ff4d5d3a
13,18,1,1bc8052fc357986cea6bf530ff4d5d3a
4,11,1,1bc8052fc357986cea6bf530ff4d5d3a
4,16,1,1bc8052fc357986cea6bf530ff4d5d3a
3,16,0,1bc8052fc357986cea6bf530ff4d5d3a
3,6,0,1bc8052fc357986cea6bf530ff4d5d3a
5,7,0,1bc8052fc357986cea6bf530ff4d5d3a
8,14,0,2dbd1556adf411f9e7482b3b6e583948
8,12,0,2dbd1556adf411f9e7482b3b6e583948
8,14,1,1bc8052fc357986cea6bf530ff4d5d3a
16,20,0,1bc8052fc357986cea6bf530ff4d5d3a
12,19,0,1bc8052fc357986cea6bf530ff4d5d3a
7,16,1,1bc8052fc357986cea6bf530ff4d5d3a
3,21,1,1bc8052fc357986cea6bf530ff4d5d3a
6,20,0,1bc8052fc357986cea6bf530ff4d5d3a
4,11,1,1bc8052fc357986cea6bf530ff4d5d3a
0,11,1,1bc8052fc357986cea6bf530ff4d5d3a
15,17,1,1bc8052fc357986cea6bf530ff4d5d3a
2,17,1,1bc8052fc357986cea6bf530ff4d5d3a
0,15,0,1bc8052fc357986cea6bf530ff4d5d3a
6,11,1,1bc8052fc357986cea6bf530ff4d5d3a
0,5,1,1bc8052fc357986cea6bf530ff4d5d3a
8,9,0,1bc8052fc357986cea6bf530ff4d5d3a
5,15,0,1bc8052fc357986cea6bf530ff4d5d3a
4,8,0,694111fea88bf644dde84986154e15d1
8,11,1,694111fea88bf644dde84986154e15d1
8,20,1,694111fea88bf644dde84986154e15d1
0,1,1,694111fea88bf644dde84986154e15d1
3,15,0,1bc8052fc357986cea6bf530ff4d5d3a
5,21,1,1bc8052fc357986cea6bf530ff4d5d3a
6,13,0,1bc8052fc357986cea6bf530ff4d5d3a
10,18,0,1bc8052fc357986cea6bf530ff4d5d3a
5,15,1,1bc8052fc357986cea6bf530ff4d5d3a
5,7,0,1bc8052fc357986cea6bf530ff4d5d3a
5,18,0,1bc8052fc357986cea6bf530ff4d5d3a
3,20,1,1bc8052fc357986cea6bf530ff4d5d3a
2,21,0,bef10d1c122228929e6c3e6dfeafca21
2,10,0,694111fea88bf644dde84986154e15d1
11,17,0,694111fea88bf644dde84986154e15d1
3,17,1,694111fea88bf644dde84986154e15d1
1,10,1,694111fea88bf644dde84986154e15d1
12,20,1,694111fea88bf644dde84986154e15d1
13,21,1,694111fea88bf644dde84986154e15d1
18,21,1,694111fea88bf644dde84986154e15d1
11,14,0,694111fea88bf644dde84986154e15d1
3,13,0,694111fea88bf644dde84986154e15d1
2,19,0,694111fea88bf644dde84986154e15d1
3,15,0,694111fea88bf644dde84986154e15d1
15,20,1,694111fea88bf644dde84986154e15d1
19,20,1,694111fea88bf644dde84986154e15d1
18,21,1,694111fea88bf644dde84986154e15d1
13,19,1,694111fea88bf644dde84986154e15d1
5,21,0,694111fea88bf644dde84986154e15d1
1,2,1,694111fea88bf644dde84986154e15d1
3,16,1,694111fea88bf644dde84986154e15d1
12,13,1,694111fea88bf644dde84986154e15d1
15,16,1,694111fea88bf644dde84986154e15d1
1,6,1,694111fea88bf644dde84986154e15d1
0,11,1,694111fea88bf644dde84986154e15d1
10,21,1,694111fea88bf644dde84986154e15d1
1,11,0,694111fea88bf644dde84986154e15d1
13,15,1,694111fea88bf644dde84986154e15d1
5,16,0,694111fea88bf644dde84986154e15d1
7,16,1,694111fea88bf644dde84986154e15d1
6,8,0,694111fea88bf644dde84986154e15d1
3,14,0,694111fea88bf644dde84986154e15d1
10,17,1,694111fea88bf644dde84986154e15d1
3,4,1,694111fea88bf644dde84986154e15d1
4,12,0,694111fea88bf644dde84986154e15d1
16,19,0,694111fea88bf644dde84986154e15d1
8,11,1,694111fea88bf644dde84986154e15d1
11,20,0,694111fea88bf644dde84986154e15d1
4,8,0,694111fea88bf644dde84986154e15d1
6,8,0,1bc8052fc357986cea6bf530ff4d5d3a
0,15,0,1bc8052fc357986cea6bf530ff4d5d3a
15,19,0,1bc8052fc357986cea6bf530ff4d5d3a
19,20,1,1bc8052fc357986cea6bf530ff4d5d3a
0,19,0,1bc8052fc357986cea6bf530ff4d5d3a
5,11,0,1bc8052fc357986cea6bf530ff4d5d3a
9,20,1,1bc8052fc357986cea6bf530ff4d5d3a
1,15,0,1bc8052fc357986cea6bf530ff4d5d3a
15,19,0,1bc8052fc357986cea6bf530ff4d5d3a
1,10,0,1bc8052fc357986cea6bf530ff4d5d3a
13,21,0,1bc8052fc357986cea6bf530ff4d5d3a
5,16,1,1bc8052fc357986cea6bf530ff4d5d3a
2,10,0,1bc8052fc357986cea6bf530ff4d5d3a
0,20,0,1bc8052fc357986cea6bf530ff4d5d3a
7,8,1,1bc8052fc357986cea6bf530ff4d5d3a
13,21,0,1bc8052fc357986cea6bf530ff4d5d3a
9,11,0,1bc8052fc357986cea6bf530ff4d5d3a
2,4,0,1bc8052fc357986cea6bf530ff4d5d3a
13,19,0,1bc8052fc357986cea6bf530ff4d5d3a
14,22,1,1bc8052fc357986cea6bf530ff4d5d3a
10,13,0,1bc8052fc357986cea6bf530ff4d5d3a
0,1,1,1bc8052fc357986cea6bf530ff4d5d3a
11,18,1,1bc8052fc357986cea6bf530ff4d5d3a
9,23,1,1bc8052fc357986cea6bf530ff4d5d3a
0,15,1,1bc8052fc357986cea6bf530ff4d5d3a
0,8,0,1bc8052fc357986cea6bf530ff4d5d3a
4,14,0,1bc8052fc357986cea6bf530ff4d5d3a
6,19,0,1bc8052fc357986cea6bf530ff4d5d3a
0,7,0,1bc8052fc357986cea6bf530ff4d5d3a
13,18,1,1bc8052fc357986cea6bf530ff4d5d3a
14,15,1,1bc8052fc357986cea6bf530ff4d5d3a
5,6,1,1bc8052fc357986cea6bf530ff4d5d3a
14,20,1,1bc8052fc357986cea6bf530ff4d5d3a
6,16,0,1bc8052fc357986cea6bf530ff4d5d3a
1,20,0,1bc8052fc357986cea6bf530ff4d5d3a
5,23,1,1bc8052fc357986cea6bf530ff4d5d3a
3,9,1,1bc8052fc357986cea6bf530ff4d5d3a
1,19,0,1bc8052fc357986cea6bf530ff4d5d3a
6,19,0,1bc8052fc357986cea6bf530ff4d5d3a
2,20,0,1bc8052fc357986cea6bf530ff4d5d3a
20,22,1,1bc8052fc357986cea6bf530ff4d5d3a
9,23,1,1bc8052fc357986cea6bf530ff4d5d3a
14,18,1,1bc8052fc357986cea6bf530ff4d5d3a
0,7,0,1bc8052fc357986cea6bf530ff4d5d3a
18,21,0,1bc8052fc357986cea6bf530ff4d5d3a
0,5,0,1bc8052fc357986cea6bf530ff4d5d3a
11,20,1,1bc8052fc357986cea6bf530ff4d5d3a
4,15,1,1bc8052fc357986cea6bf530ff4d5d3a
0,16,1,1bc8052fc357986cea6bf530ff4d5d3a
1,7,0,1bc8052fc357986cea6bf530ff4d5d3a
3,18,0,1bc8052fc357986cea6bf530ff4d5d3a
13,18,0,1bc8052fc357986cea6bf530ff4d5d3a
9,10,0,1bc8052fc357986cea6bf530ff4d5d3a
3,12,0,1bc8052fc357986cea6bf530ff4d5d3a
8,21,0,1bc8052fc357986cea6bf530ff4d5d3a
13,18,0,1bc8052fc357986cea6bf530ff4d5d3a
7,20,1,1bc8052fc357986cea6bf530ff4d5d3a
4,10,1,1bc8052fc357986cea6bf530ff4d5d3a
2,4,0,1bc8052fc357986cea6bf530ff4d5d3a
15,21,0,1bc8052fc357986cea6bf530ff4d5d3a
17,19,0,1bc8052fc357986cea6bf530ff4d5d3a
7,9,1,1bc8052fc357986cea6bf530ff4d5d3a
12,23,1,1bc8052fc357986cea6bf530ff4d5d3a
15,22,1,1bc8052fc357986cea6bf530ff4d5d3a
11,13,1,1bc8052fc357986cea6bf530ff4d5d3a
1,4,0,1bc8052fc357986cea6bf530ff4d5d3a
4,15,1,1bc8052fc357986cea6bf530ff4d5d3a
0,18,1,1bc8052fc357986cea6bf530ff4d5d3a
16,20,0,1bc8052fc357986cea6bf530ff4d5d3a
16,19,0,1bc8052fc357986cea6bf530ff4d5d3a
2,10,1,1bc8052fc357986cea6bf530ff4d5d3a
3,8,0,1bc8052fc357986cea6bf530ff4d5d3a
9,19,0,1bc8052fc357986cea6bf530ff4d5d3a
13,21,0,1bc8052fc357986cea6bf530ff4d5d3a
14,23,1,1bc8052fc357986cea6bf530ff4d5d3a
2,9,1,1bc8052fc357986cea6bf530ff4d5d3a
9,10,0,1bc8052fc357986cea6bf530ff4d5d3a
4,13,1,1bc8052fc357986cea6bf530ff4d5d3a
10,18,0,1bc8052fc357986cea6bf530ff4d5d3a
9,16,0,1bc8052fc357986cea6bf530ff4d5d3a
5,21,0,1bc8052fc357986cea6bf530ff4d5d3a
0,10,1,1bc8052fc357986cea6bf530ff4d5d3a
1,5,0,1bc8052fc357986cea6bf530ff4d5d3a
10,22,1,1bc8052fc357986cea6bf530ff4d5d3a
13,23,1,1bc8052fc357986cea6bf530ff4d5d3a
12,21,0,1bc8052fc357986cea6bf530ff4d5d3a
17,23,1,1bc8052fc357986cea6bf530ff4d5d3a
9,20,0,1bc8052fc357986cea6bf530ff4d5d3a
11,12,1,1bc8052fc357986cea6bf530ff4d5d3a
3,12,0,1bc8052fc357986cea6bf530ff4d5d3a
18,19,0,1bc8052fc357986cea6bf530ff4d5d3a
0,5,0,1bc8052fc357986cea6bf530ff4d5d3a
4,12,1,1bc8052fc357986cea6bf530ff4d5d3a
2,13,0,1bc8052fc357986cea6bf530ff4d5d3a
11,15,1,1bc8052fc357986cea6bf530ff4d5d3a
3,13,0,1bc8052fc357986cea6bf530ff4d5d3a
1,3,0,1bc8052fc357986cea6bf530ff4d5d3a
12,18,1,1bc8052fc357986cea6bf530ff4d5d3a
4,15,1,1bc8052fc357986cea6bf530ff4d5d3a
12,17,1,1bc8052fc357986cea6bf530ff4d5d3a
4,5,1,1bc8052fc357986cea6bf530ff4d5d3a
0,10,1,1bc8052fc357986cea6bf530ff4d5d3a
6,11,0,1bc8052fc357986cea6bf530ff4d5d3a
15,16,0,1bc8052fc357986cea6bf530ff4d5d3a
10,12,0,1bc8052fc357986cea6bf530ff4d5d3a
2,17,0,1bc8052fc357986cea6bf530ff4d5d3a
7,20,1,1bc8052fc357986cea6bf530ff4d5d3a
4,20,0,1bc8052fc357986cea6bf530ff4d5d3a
2,11,0,1bc8052fc357986cea6bf530ff4d5d3a
10,11,0,1bc8052fc357986cea6bf530ff4d5d3a
17,20,0,1bc8052fc357986cea6bf530ff4d5d3a
3,12,0,1bc8052fc357986cea6bf530ff4d5d3a
2,11,0,1bc8052fc357986cea6bf530ff4d5d3a
5,22,1,1bc8052fc357986cea6bf530ff4d5d3a
6,9,0,1bc8052fc357986cea6bf530ff4d5d3a
14,19,1,1bc8052fc357986cea6bf530ff4d5d3a
4,21,0,1bc8052fc357986cea6bf530ff4d5d3a
8,21,0,1bc8052fc357986cea6bf530ff4d5d3a
0,13,0,1bc8052fc357986cea6bf530ff4d5d3a
9,10,0,1bc8052fc357986cea6bf530ff4d5d3a
1,12,0,1bc8052fc357986cea6bf530ff4d5d3a
0,20,0,1bc8052fc357986cea6bf530ff4d5d3a
7,8,1,1bc8052fc357986cea6bf530ff4d5d3a
3,19,0,1bc8052fc357986cea6bf530ff4d5d3a
0,8,1,1bc8052fc357986cea6bf530ff4d5d3a
14,15,1,1bc8052fc357986cea6bf530ff4d5d3a
19,22,1,1bc8052fc357986cea6bf530ff4d5d3a
18,22,1,1bc8052fc357986cea6bf530ff4d5d3a
22,23,1,1bc8052fc357986cea6bf530ff4d5d3a
9,22,1,1bc8052fc357986cea6bf530ff4d5d3a
0,17,1,1bc8052fc357986cea6bf530ff4d5d3a
5,7,0,1bc8052fc357986cea6bf530ff4d5d3a
12,18,1,1bc8052fc357986cea6bf530ff4d5d3a
8,19,0,1bc8052fc357986cea6bf530ff4d5d3a
6,18,0,1bc8052fc357986cea6bf530ff4d5d3a
1,23,1,1bc8052fc357986cea6bf530ff4d5d3a
0,16,1,1bc8052fc357986cea6bf530ff4d5d3a
11,14,0,1bc8052fc357986cea6bf530ff4d5d3a
12,14,0,1bc8052fc357986cea6bf530ff4d5d3a
6,10,0,1bc8052fc357986cea6bf530ff4d5d3a
0,14,0,1bc8052fc357986cea6bf530ff4d5d3a
0,17,0,1bc8052fc357986cea6bf530ff4d5d3a
0,12,0,1bc8052fc357986cea6bf530ff4d5d3a
4,17,1,1bc8052fc357986cea6bf530ff4d5d3a
7,20,1,1bc8052fc357986cea6bf530ff4d5d3a
0,13,0,1bc8052fc357986cea6bf530ff4d5d3a
20,21,0,1bc8052fc357986cea6bf530ff4d5d3a
4,14,0,1bc8052fc357986cea6bf530ff4d5d3a
1,8,0,1bc8052fc357986cea6bf530ff4d5d3a
6,7,0,1bc8052fc357986cea6bf530ff4d5d3a
10,12,0,1bc8052fc357986cea6bf530ff4d5d3a
4,7,0,1bc8052fc357986cea6bf530ff4d5d3a
1,3,0,1bc8052fc357986cea6bf530ff4d5d3a
10,21,0,1bc8052fc357986cea6bf530ff4d5d3a
22,23,0,1bc8052fc357986cea6bf530ff4d5d3a
12,19,0,1bc8052fc357986cea6bf530ff4d5d3a
3,12,0,1bc8052fc357986cea6bf530ff4d5d3a
8,18,0,1bc8052fc357986cea6bf530ff4d5d3a
2,5,0,1bc8052fc357986cea6bf530ff4d5d3a
1,4,0,1bc8052fc357986cea6bf530ff4d5d3a
5,18,0,1bc8052fc357986cea6bf530ff4d5d3a
0,13,1,1bc8052fc357986cea6bf530ff4d5d3a
9,14,0,1bc8052fc357986cea6bf530ff4d5d3a
0,13,0,1bc8052fc357986cea6bf530ff4d5d3a
5,13,0,1bc8052fc357986cea6bf530ff4d5d3a
13,19,0,1bc8052fc357986cea6bf530ff4d5d3a
4,18,0,1bc8052fc357986cea6bf530ff4d5d3a
0,12,0,1bc8052fc357986cea6bf530ff4d5d3a
17,19,0,1bc8052fc357986cea6bf530ff4d5d3a
1,23,0,1bc8052fc357986cea6bf530ff4d5d3a
8,21,0,1bc8052fc357986cea6bf530ff4d5d3a
5,15,1,1bc8052fc357986cea6bf530ff4d5d3a
6,16,0,1bc8052fc357986cea6bf530ff4d5d3a
0,6,1,1bc8052fc357986cea6bf530ff4d5d3a
3,16,1,1bc8052fc357986cea6bf530ff4d5d3a
19,21,1,1bc8052fc357986cea6bf530ff4d5d3a
4,23,1,1bc8052fc357986cea6bf530ff4d5d3a
10,17,0,1bc8052fc357986cea6bf530ff4d5d3a
0,23,1,1bc8052fc357986cea6bf530ff4d5d3a
18,21,0,1bc8052fc357986cea6bf530ff4d5d3a
4,19,0,1bc8052fc357986cea6bf530ff4d5d3a
0,6,1,1bc8052fc357986cea6bf530ff4d5d3a
15,23,1,1bc8052fc357986cea6bf530ff4d5d3a
3,4,0,1bc8052fc357986cea6bf530ff4d5d3a
3,9,1,1bc8052fc357986cea6bf530ff4d5d3a
9,13,0,1bc8052fc357986cea6bf530ff4d5d3a
3,4,0,1bc8052fc357986cea6bf530ff4d5d3a
1,9,0,1bc8052fc357986cea6bf530ff4d5d3a
1,14,0,1bc8052fc357986cea6bf530ff4d5d3a
7,10,1,1bc8052fc357986cea6bf530ff4d5d3a
1,14,0,1bc8052fc357986cea6bf530ff4d5d3a
5,17,0,1bc8052fc357986cea6bf530ff4d5d3a
13,20,0,1bc8052fc357986cea6bf530ff4d5d3a
11,19,1,1bc8052fc357986cea6bf530ff4d5d3a
2,5,1,1bc8052fc357986cea6bf530ff4d5d3a
4,16,1,1bc8052fc357986cea6bf530ff4d5d3a
1,23,1,1bc8052fc357986cea6bf530ff4d5d3a
10,14,0,1bc8052fc357986cea6bf530ff4d5d3a
1,2,0,1bc8052fc357986cea6bf530ff4d5d3a
6,10,0,1bc8052fc357986cea6bf530ff4d5d3a
8,10,1,1bc8052fc357986cea6bf530ff4d5d3a
0,8,0,1bc8052fc357986cea6bf530ff4d5d3a
8,11,0,1bc8052fc357986cea6bf530ff4d5d3a
1,21,0,1bc8052fc357986cea6bf530ff4d5d3a
3,13,0,1bc8052fc357986cea6bf530ff4d5d3a
0,4,1,1bc8052fc357986cea6bf530ff4d5d3a
2,20,0,1bc8052fc357986cea6bf530ff4d5d3a
15,16,0,1bc8052fc357986cea6bf530ff4d5d3a
2,6,1,1bc8052fc357986cea6bf530ff4d5d3a
10,21,0,1bc8052fc357986cea6bf530ff4d5d3a
20,23,1,1bc8052fc357986cea6bf530ff4d5d3a
8,16,1,1bc8052fc357986cea6bf530ff4d5d3a
10,14,0,1bc8052fc357986cea6bf530ff4d5d3a
7,23,1,1bc8052fc357986cea6bf530ff4d5d3a
19,23,1,1bc8052fc357986cea6bf530ff4d5d3a
11,12,1,1bc8052fc357986cea6bf530ff4d5d3a
1,5,0,1bc8052fc357986cea6bf530ff4d5d3a
7,22,1,1bc8052fc357986cea6bf530ff4d5d3a
13,22,1,1bc8052fc357986cea6bf530ff4d5d3a
8,15,1,1bc8052fc357986cea6bf530ff4d5d3a
8,17,0,1bc8052fc357986cea6bf530ff4d5d3a
9,23,1,1bc8052fc357986cea6bf530ff4d5d3a
0,4,1,1bc8052fc357986cea6bf530ff4d5d3a
1,23,1,1bc8052fc357986cea6bf530ff4d5d3a
3,6,1,1bc8052fc357986cea6bf530ff4d5d3a
9,21,0,1bc8052fc357986cea6bf530ff4d5d3a
19,20,1,1bc8052fc357986cea6bf530ff4d5d3a
6,12,0,1bc8052fc357986cea6bf530ff4d5d3a
17,18,0,1bc8052fc357986cea6bf530ff4d5d3a
19,23,1,1bc8052fc357986cea6bf530ff4d5d3a
3,6,1,1bc8052fc357986cea6bf530ff4d5d3a
4,16,1,1bc8052fc357986cea6bf530ff4d5d3a
1,23,1,1bc8052fc357986cea6bf530ff4d5d3a
0,8,0,1bc8052fc357986cea6bf530ff4d5d3a
10,18,0,1bc8052fc357986cea6bf530ff4d5d3a
0,21,0,1bc8052fc357986cea6bf530ff4d5d3a
8,20,0,1bc8052fc357986cea6bf530ff4d5d3a
6,18,0,1bc8052fc357986cea6bf530ff4d5d3a
7,9,1,1bc8052fc357986cea6bf530ff4d5d3a
3,20,0,1bc8052fc357986cea6bf530ff4d5d3a
7,15,1,1bc8052fc357986cea6bf530ff4d5d3a
3,12,0,1bc8052fc357986cea6bf530ff4d5d3a
12,16,1,1bc8052fc357986cea6bf530ff4d5d3a
10,11,0,1bc8052fc357986cea6bf530ff4d5d3a
15,18,0,1bc8052fc357986cea6bf530ff4d5d3a
0,11,0,1bc8052fc357986cea6bf530ff4d5d3a
8,19,0,1bc8052fc357986cea6bf530ff4d5d3a
7,23,1,1bc8052fc357986cea6bf530ff4d5d3a
7,23,1,1bc8052fc357986cea6bf530ff4d5d3a
0,21,0,1bc8052fc357986cea6bf530ff4d5d3a
0,3,1,1bc8052fc357986cea6bf530ff4d5d3a
4,20,0,1bc8052fc357986cea6bf530ff4d5d3a
7,19,1,1bc8052fc357986cea6bf530ff4d5d3a
8,11,0,1bc8052fc357986cea6bf530ff4d5d3a
7,22,1,1bc8052fc357986cea6bf530ff4d5d3a
4,18,1,1bc8052fc357986cea6bf530ff4d5d3a
4,10,1,1bc8052fc357986cea6bf530ff4d5d3a
3,6,1,1bc8052fc357986cea6bf530ff4d5d3a
1,21,0,1bc8052fc357986cea6bf530ff4d5d3a
11,19,1,1bc8052fc357986cea6bf530ff4d5d3a
6,13,0,1bc8052fc357986cea6bf530ff4d5d3a
15,23,1,1bc8052fc357986cea6bf530ff4d5d3a
2,23,1,1bc8052fc357986cea6bf530ff4d5d3a
4,13,0,1bc8052fc357986cea6bf530ff4d5d3a
8,16,1,1bc8052fc357986cea6bf530ff4d5d3a
12,21,0,1bc8052fc357986cea6bf530ff4d5d3a
15,21,0,1bc8052fc357986cea6bf530ff4d5d3a
11,18,1,1bc8052fc357986cea6bf530ff4d5d3a
3,20,0,1bc8052fc357986cea6bf530ff4d5d3a
10,14,0,1bc8052fc357986cea6bf530ff4d5d3a
1,16,0,1bc8052fc357986cea6bf530ff4d5d3a
5,21,0,1bc8052fc357986cea6bf530ff4d5d3a
5,6,1,1bc8052fc357986cea6bf530ff4d5d3a
19,20,0,1bc8052fc357986cea6bf530ff4d5d3a
14,16,1,1bc8052fc357986cea6bf530ff4d5d3a
3,20,0,1bc8052fc357986cea6bf530ff4d5d3a
11,18,1,1bc8052fc357986cea6bf530ff4d5d3a
8,19,1,1bc8052fc357986cea6bf530ff4d5d3a
7,23,1,1bc8052fc357986cea6bf530ff4d5d3a
17,21,0,1bc8052fc357986cea6bf530ff4d5d3a
9,17,0,1bc8052fc357986cea6bf530ff4d5d3a
18,23,1,1bc8052fc357986cea6bf530ff4d5d3a
3,8,0,1bc8052fc357986cea6bf530ff4d5d3a
13,17,1,1bc8052fc357986cea6bf530ff4d5d3a
9,22,1,1bc8052fc357986cea6bf530ff4d5d3a
10,13,0,1bc8052fc357986cea6bf530ff4d5d3a
0,8,0,1bc8052fc357986cea6bf530ff4d5d3a
8,21,0,1bc8052fc357986cea6bf530ff4d5d3a
11,23,1,1bc8052fc357986cea6bf530ff4d5d3a
17,21,0,1bc8052fc357986cea6bf530ff4d5d3a
17,21,0,1bc8052fc357986cea6bf530ff4d5d3a
11,16,1,1bc8052fc357986cea6bf530ff4d5d3a
4,23,1,1bc8052fc357986cea6bf530ff4d5d3a
16,22,1,1bc8052fc357986cea6bf530ff4d5d3a
11,17,1,1bc8052fc357986cea6bf530ff4d5d3a
0,8,0,1bc8052fc357986cea6bf530ff4d5d3a
1,11,0,1bc8052fc357986cea6bf530ff4d5d3a
1,19,0,1bc8052fc357986cea6bf530ff4d5d3a
11,22,1,1bc8052fc357986cea6bf530ff4d5d3a
2,8,0,1bc8052fc357986cea6bf530ff4d5d3a
1,19,0,1bc8052fc357986cea6bf530ff4d5d3a
8,19,0,1bc8052fc357986cea6bf530ff4d5d3a
8,11,0,1bc8052fc357986cea6bf530ff4d5d3a
9,14,0,1bc8052fc357986cea6bf530ff4d5d3a
2,14,0,1bc8052fc357986cea6bf530ff4d5d3a
11,19,1,1bc8052fc357986cea6bf530ff4d5d3a
5,18,0,1bc8052fc357986cea6bf530ff4d5d3a
3,11,0,1bc8052fc357986cea6bf530ff4d5d3a
10,17,0,1bc8052fc357986cea6bf530ff4d5d3a
9,13,0,1bc8052fc357986cea6bf530ff4d5d3a
0,9,1,1bc8052fc357986cea6bf530ff4d5d3a
0,17,0,1bc8052fc357986cea6bf530ff4d5d3a
12,22,1,1bc8052fc357986cea6bf530ff4d5d3a
5,20,0,1bc8052fc357986cea6bf530ff4d5d3a
6,22,1,1bc8052fc357986cea6bf530ff4d5d3a
1,21,0,1bc8052fc357986cea6bf530ff4d5d3a
1,8,0,1bc8052fc357986cea6bf530ff4d5d3a
1,16,0,1bc8052fc357986cea6bf530ff4d5d3a
14,16,1,1bc8052fc357986cea6bf530ff4d5d3a
8,19,1,1bc8052fc357986cea6bf530ff4d5d3a
7,10,1,1bc8052fc357986cea6bf530ff4d5d3a
8,20,0,1bc8052fc357986cea6bf530ff4d5d3a
8,15,1,1bc8052fc357986cea6bf530ff4d5d3a
1,18,0,1bc8052fc357986cea6bf530ff4d5d3a
2,4,1,1bc8052fc357986cea6bf530ff4d5d3a
9,21,0,1bc8052fc357986cea6bf530ff4d5d3a
9,19,0,1bc8052fc357986cea6bf530ff4d5d3a
1,15,0,1bc8052fc357986cea6bf530ff4d5d3a
10,20,0,1bc8052fc357986cea6bf530ff4d5d3a
17,20,0,1bc8052fc357986cea6bf530ff4d5d3a
1,5,0,1bc8052fc357986cea6bf530ff4d5d3a
1,4,0,1bc8052fc357986cea6bf530ff4d5d3a
11,16,1,1bc8052fc357986cea6bf530ff4d5d3a
1,12,0,1bc8052fc357986cea6bf530ff4d5d3a
13,15,1,1bc8052fc357986cea6bf530ff4d5d3a
16,23,1,1bc8052fc357986cea6bf530ff4d5d3a
9,14,0,1bc8052fc357986cea6bf530ff4d5d3a
8,11,0,1bc8052fc357986cea6bf530ff4d5d3a
18,21,0,1bc8052fc357986cea6bf530ff4d5d3a
2,21,0,1bc8052fc357986cea6bf530ff4d5d3a
0,22,1,1bc8052fc357986cea6bf530ff4d5d3a
9,19,0,1bc8052fc357986cea6bf530ff4d5d3a
19,20,1,1bc8052fc357986cea6bf530ff4d5d3a
1,21,0,1bc8052fc357986cea6bf530ff4d5d3a
6,14,0,1bc8052fc357986cea6bf530ff4d5d3a
1,4,0,1bc8052fc357986cea6bf530ff4d5d3a
3,20,0,1bc8052fc357986cea6bf530ff4d5d3a
2,8,1,1bc8052fc357986cea6bf530ff4d5d3a
11,15,1,1bc8052fc357986cea6bf530ff4d5d3a
4,13,0,1bc8052fc357986cea6bf530ff4d5d3a
6,14,0,1bc8052fc357986cea6bf530ff4d5d3a
12,21,0,1bc8052fc357986cea6bf530ff4d5d3a
7,10,1,1bc8052fc357986cea6bf530ff4d5d3a
15,17,0,1bc8052fc357986cea6bf530ff4d5d3a
14,18,1,1bc8052fc357986cea6bf530ff4d5d3a
1,5,0,1bc8052fc357986cea6bf530ff4d5d3a
10,16,0,1bc8052fc357986cea6bf530ff4d5d3a
10,17,0,1bc8052fc357986cea6bf530ff4d5d3a
10,18,0,1bc8052fc357986cea6bf530ff4d5d3a
6,14,0,1bc8052fc357986cea6bf530ff4d5d3a
12,22,1,1bc8052fc357986cea6bf530ff4d5d3a
2,4,0,1bc8052fc357986cea6bf530ff4d5d3a
1,21,0,1bc8052fc357986cea6bf530ff4d5d3a
6,10,0,1bc8052fc357986cea6bf530ff4d5d3a
1,20,0,1bc8052fc357986cea6bf530ff4d5d3a
4,20,0,1bc8052fc357986cea6bf530ff4d5d3a
4,9,1,1bc8052fc357986cea6bf530ff4d5d3a
11,22,1,1bc8052fc357986cea6bf530ff4d5d3a
7,23,1,1bc8052fc357986cea6bf530ff4d5d3a
6,9,0,1bc8052fc357986cea6bf530ff4d5d3a
9,23,1,1bc8052fc357986cea6bf530ff4d5d3a
20,21,0,1bc8052fc357986cea6bf530ff4d5d3a
3,23,1,1bc8052fc357986cea6bf530ff4d5d3a
7,9,1,1bc8052fc357986cea6bf530ff4d5d3a
16,23,1,1bc8052fc357986cea6bf530ff4d5d3a
3,11,0,1bc8052fc357986cea6bf530ff4d5d3a
11,13,1,1bc8052fc357986cea6bf530ff4d5d3a
2,21,0,1bc8052fc357986cea6bf530ff4d5d3a
12,14,0,1bc8052fc357986cea6bf530ff4d5d3a
17,23,1,1bc8052fc357986cea6bf530ff4d5d3a
3,13,0,1bc8052fc357986cea6bf530ff4d5d3a
4,15,0,1bc8052fc357986cea6bf530ff4d5d3a
10,18,0,1bc8052fc357986cea6bf530ff4d5d3a
0,11,0,1bc8052fc357986cea6bf530ff4d5d3a
9,16,0,1bc8052fc357986cea6bf530ff4d5d3a
2,5,0,1bc8052fc357986cea6bf530ff4d5d3a
16,23,1,1bc8052fc357986cea6bf530ff4d5d3a
12,13,0,1bc8052fc357986cea6bf530ff4d5d3a
17,21,0,1bc8052fc357986cea6bf530ff4d5d3a
2,14,1,1bc8052fc357986cea6bf530ff4d5d3a
7,23,1,1bc8052fc357986cea6bf530ff4d5d3a
5,21,0,1bc8052fc357986cea6bf530ff4d5d3a
1,19,0,1bc8052fc357986cea6bf530ff4d5d3a
5,7,0,1bc8052fc357986cea6bf530ff4d5d3a
2,11,0,1bc8052fc357986cea6bf530ff4d5d3a
5,21,0,1bc8052fc357986cea6bf530ff4d5d3a
14,15,1,1bc8052fc357986cea6bf530ff4d5d3a
1,14,0,1bc8052fc357986cea6bf530ff4d5d3a
2,13,0,1bc8052fc357986cea6bf530ff4d5d3a
15,16,0,1bc8052fc357986cea6bf530ff4d5d3a
4,11,0,1bc8052fc357986cea6bf530ff4d5d3a
11,17,1,1bc8052fc357986cea6bf530ff4d5d3a
7,16,1,1bc8052fc357986cea6bf530ff4d5d3a
2,23,1,1bc8052fc357986cea6bf530ff4d5d3a
1,5,0,1bc8052fc357986cea6bf530ff4d5d3a
3,13,0,1bc8052fc357986cea6bf530ff4d5d3a
6,14,0,1bc8052fc357986cea6bf530ff4d5d3a
2,18,0,1bc8052fc357986cea6bf530ff4d5d3a
0,9,1,1bc8052fc357986cea6bf530ff4d5d3a
7,20,1,1bc8052fc357986cea6bf530ff4d5d3a
7,22,1,1bc8052fc357986cea6bf530ff4d5d3a
5,9,1,1bc8052fc357986cea6bf530ff4d5d3a
7,17,1,1bc8052fc357986cea6bf530ff4d5d3a
1,2,0,1bc8052fc357986cea6bf530ff4d5d3a
12,15,1,1bc8052fc357986cea6bf530ff4d5d3a
1,10,0,1bc8052fc357986cea6bf530ff4d5d3a
8,9,1,1bc8052fc357986cea6bf530ff4d5d3a
2,5,0,1bc8052fc357986cea6bf530ff4d5d3a
5,12,0,1bc8052fc357986cea6bf530ff4d5d3a
12,14,0,1bc8052fc357986cea6bf530ff4d5d3a
10,20,0,1bc8052fc357986cea6bf530ff4d5d3a
6,17,0,1bc8052fc357986cea6bf530ff4d5d3a
6,22,1,1bc8052fc357986cea6bf530ff4d5d3a
0,9,1,1bc8052fc357986cea6bf530ff4d5d3a
0,11,0,1bc8052fc357986cea6bf530ff4d5d3a
9,17,0,1bc8052fc357986cea6bf530ff4d5d3a
6,10,0,1bc8052fc357986cea6bf530ff4d5d3a
7,13,1,1bc8052fc357986cea6bf530ff4d5d3a
16,17,0,1bc8052fc357986cea6bf530ff4d5d3a
0,13,0,1bc8052fc357986cea6bf530ff4d5d3a
5,13,0,1bc8052fc357986cea6bf530ff4d5d3a
10,14,0,1bc8052fc357986cea6bf530ff4d5d3a
3,16,1,1bc8052fc357986cea6bf530ff4d5d3a
12,17,1,1bc8052fc357986cea6bf530ff4d5d3a
16,17,0,1bc8052fc357986cea6bf530ff4d5d3a
9,16,0,1bc8052fc357986cea6bf530ff4d5d3a
4,5,1,1bc8052fc357986cea6bf530ff4d5d3a
6,12,0,1bc8052fc357986cea6bf530ff4d5d3a
4,15,1,1bc8052fc357986cea6bf530ff4d5d3a
3,14,0,1bc8052fc357986cea6bf530ff4d5d3a
17,21,0,1bc8052fc357986cea6bf530ff4d5d3a
6,8,0,1bc8052fc357986cea6bf530ff4d5d3a
8,9,1,1bc8052fc357986cea6bf530ff4d5d3a
17,20,0,1bc8052fc357986cea6bf530ff4d5d3a
0,5,1,1bc8052fc357986cea6bf530ff4d5d3a
17,19,0,1bc8052fc357986cea6bf530ff4d5d3a
8,18,1,1bc8052fc357986cea6bf530ff4d5d3a
0,2,0,1bc8052fc357986cea6bf530ff4d5d3a
5,13,0,1bc8052fc357986cea6bf530ff4d5d3a
6,23,1,1bc8052fc357986cea6bf530ff4d5d3a
4,14,0,1bc8052fc357986cea6bf530ff4d5d3a
2,11,0,1bc8052fc357986cea6bf530ff4d5d3a
8,12,0,1bc8052fc357986cea6bf530ff4d5d3a
18,20,0,1bc8052fc357986cea6bf530ff4d5d3a
9,14,0,1bc8052fc357986cea6bf530ff4d5d3a
2,18,0,1bc8052fc357986cea6bf530ff4d5d3a
8,10,1,1bc8052fc357986cea6bf530ff4d5d3a
6,19,0,1bc8052fc357986cea6bf530ff4d5d3a
9,14,0,1bc8052fc357986cea6bf530ff4d5d3a
14,20,1,1bc8052fc357986cea6bf530ff4d5d3a
6,16,0,1bc8052fc357986cea6bf530ff4d5d3a
3,6,1,1bc8052fc357986cea6bf530ff4d5d3a
13,15,1,1bc8052fc357986cea6bf530ff4d5d3a
4,11,0,1bc8052fc357986cea6bf530ff4d5d3a
21,23,1,1bc8052fc357986cea6bf530ff4d5d3a
12,18,1,1bc8052fc357986cea6bf530ff4d5d3a
13,16,1,1bc8052fc357986cea6bf530ff4d5d3a
0,22,1,1bc8052fc357986cea6bf530ff4d5d3a
16,23,1,1bc8052fc357986cea6bf530ff4d5d3a
15,21,0,1bc8052fc357986cea6bf530ff4d5d3a
6,11,0,1bc8052fc357986cea6bf530ff4d5d3a
11,16,1,1bc8052fc357986cea6bf530ff4d5d3a
6,18,0,1bc8052fc357986cea6bf530ff4d5d3a
8,16,1,1bc8052fc357986cea6bf530ff4d5d3a
1,4,0,1bc8052fc357986cea6bf530ff4d5d3a
11,18,1,1bc8052fc357986cea6bf530ff4d5d3a
2,20,0,1bc8052fc357986cea6bf530ff4d5d3a
0,5,1,1bc8052fc357986cea6bf530ff4d5d3a
7,16,1,1bc8052fc357986cea6bf530ff4d5d3a
13,22,1,1bc8052fc357986cea6bf530ff4d5d3a
13,15,1,1bc8052fc357986cea6bf530ff4d5d3a
0,13,0,1bc8052fc357986cea6bf530ff4d5d3a
6,23,1,1bc8052fc357986cea6bf530ff4d5d3a
10,21,0,1bc8052fc357986cea6bf530ff4d5d3a
13,17,1,1bc8052fc357986cea6bf530ff4d5d3a
14,20,1,1bc8052fc357986cea6bf530ff4d5d3a
2,17,1,1bc8052fc357986cea6bf530ff4d5d3a
1,2,0,1bc8052fc357986cea6bf530ff4d5d3a
10,20,0,1bc8052fc357986cea6bf530ff4d5d3a
1,15,0,1bc8052fc357986cea6bf530ff4d5d3a
16,18,0,1bc8052fc357986cea6bf530ff4d5d3a
9,17,0,1bc8052fc357986cea6bf530ff4d5d3a
13,22,1,1bc8052fc357986cea6bf530ff4d5d3a
11,19,1,1bc8052fc357986cea6bf530ff4d5d3a
6,15,0,1bc8052fc357986cea6bf530ff4d5d3a
10,19,0,1bc8052fc357986cea6bf530ff4d5d3a
17,22,1,1bc8052fc357986cea6bf530ff4d5d3a
5,10,1,1bc8052fc357986cea6bf530ff4d5d3a
2,11,0,1bc8052fc357986cea6bf530ff4d5d3a
1,7,0,1bc8052fc357986cea6bf530ff4d5d3a
18,21,0,1bc8052fc357986cea6bf530ff4d5d3a
6,18,0,1bc8052fc357986cea6bf530ff4d5d3a
5,15,1,1bc8052fc357986cea6bf530ff4d5d3a
7,13,1,1bc8052fc357986cea6bf530ff4d5d3a
1,8,0,1bc8052fc357986cea6bf530ff4d5d3a
7,9,1,1bc8052fc357986cea6bf530ff4d5d3a
0,11,0,1bc8052fc357986cea6bf530ff4d5d3a
13,17,1,1bc8052fc357986cea6bf530ff4d5d3a
13,23,1,1bc8052fc357986cea6bf530ff4d5d3a
6,11,0,1bc8052fc357986cea6bf530ff4d5d3a
9,16,0,1bc8052fc357986cea6bf530ff4d5d3a
18,23,1,1bc8052fc357986cea6bf530ff4d5d3a
13,18,1,1bc8052fc357986cea6bf530ff4d5d3a
2,11,0,1bc8052fc357986cea6bf530ff4d5d3a
3,22,1,1bc8052fc357986cea6bf530ff4d5d3a
20,22,1,1bc8052fc357986cea6bf530ff4d5d3a
13,22,1,1bc8052fc357986cea6bf530ff4d5d3a
17,22,1,1bc8052fc357986cea6bf530ff4d5d3a
11,18,1,1bc8052fc357986cea6bf530ff4d5d3a
0,11,0,1bc8052fc357986cea6bf530ff4d5d3a
1,7,0,1bc8052fc357986cea6bf530ff4d5d3a
5,11,0,1bc8052fc357986cea6bf530ff4d5d3a
1,17,0,1bc8052fc357986cea6bf530ff4d5d3a
3,15,1,1bc8052fc357986cea6bf530ff4d5d3a
3,5,0,1bc8052fc357986cea6bf530ff4d5d3a
0,21,0,1bc8052fc357986cea6bf530ff4d5d3a
7,23,1,1bc8052fc357986cea6bf530ff4d5d3a
0,5,0,1bc8052fc357986cea6bf530ff4d5d3a
8,18,1,1bc8052fc357986cea6bf530ff4d5d3a
10,17,0,1bc8052fc357986cea6bf530ff4d5d3a
19,22,1,1bc8052fc357986cea6bf530ff4d5d3a
6,19,0,1bc8052fc357986cea6bf530ff4d5d3a
8,22,1,1bc8052fc357986cea6bf530ff4d5d3a
4,9,1,1bc8052fc357986cea6bf530ff4d5d3a
4,11,0,1bc8052fc357986cea6bf530ff4d5d3a
16,19,0,1bc8052fc357986cea6bf530ff4d5d3a
5,22,1,1bc8052fc357986cea6bf530ff4d5d3a
1,12,0,1bc8052fc357986cea6bf530ff4d5d3a
8,16,1,1bc8052fc357986cea6bf530ff4d5d3a
11,12,1,1bc8052fc357986cea6bf530ff4d5d3a
1,23,1,1bc8052fc357986cea6bf530ff4d5d3a
15,18,0,1bc8052fc357986cea6bf530ff4d5d3a
2,15,1,1bc8052fc357986cea6bf530ff4d5d3a
18,21,0,1bc8052fc357986cea6bf530ff4d5d3a
6,20,0,1bc8052fc357986cea6bf530ff4d5d3a
2,16,0,1bc8052fc357986cea6bf530ff4d5d3a
8,20,1,1bc8052fc357986cea6bf530ff4d5d3a
6,16,0,1bc8052fc357986cea6bf530ff4d5d3a
4,22,1,1bc8052fc357986cea6bf530ff4d5d3a
8,12,0,1bc8052fc357986cea6bf530ff4d5d3a
12,13,0,1bc8052fc357986cea6bf530ff4d5d3a
9,15,0,1bc8052fc357986cea6bf530ff4d5d3a
9,10,0,1bc8052fc357986cea6bf530ff4d5d3a
10,13,0,1bc8052fc357986cea6bf530ff4d5d3a
2,8,1,1bc8052fc357986cea6bf530ff4d5d3a
12,23,1,1bc8052fc357986cea6bf530ff4d5d3a
1,15,0,1bc8052fc357986cea6bf530ff4d5d3a
6,13,0,1bc8052fc357986cea6bf530ff4d5d3a
2,8,0,1bc8052fc357986cea6bf530ff4d5d3a
17,18,1,1bc8052fc357986cea6bf530ff4d5d3a
0,14,0,1bc8052fc357986cea6bf530ff4d5d3a
7,17,1,1bc8052fc357986cea6bf530ff4d5d3a
17,19,0,1bc8052fc357986cea6bf530ff4d5d3a
7,20,1,1bc8052fc357986cea6bf530ff4d5d3a
7,10,1,1bc8052fc357986cea6bf530ff4d5d3a
21,23,1,1bc8052fc357986cea6bf530ff4d5d3a
2,11,0,1bc8052fc357986cea6bf530ff4d5d3a
15,17,0,1bc8052fc357986cea6bf530ff4d5d3a
12,15,1,1bc8052fc357986cea6bf530ff4d5d3a
3,4,1,1bc8052fc357986cea6bf530ff4d5d3a
1,19,0,1bc8052fc357986cea6bf530ff4d5d3a
14,22,1,1bc8052fc357986cea6bf530ff4d5d3a
1,13,0,1bc8052fc357986cea6bf530ff4d5d3a
7,15,1,1bc8052fc357986cea6bf530ff4d5d3a
9,14,0,1bc8052fc357986cea6bf530ff4d5d3a
7,17,1,1bc8052fc357986cea6bf530ff4d5d3a
13,15,1,1bc8052fc357986cea6bf530ff4d5d3a
3,23,1,1bc8052fc357986cea6bf530ff4d5d3a
3,23,1,1bc8052fc357986cea6bf530ff4d5d3a
16,18,0,1bc8052fc357986cea6bf530ff4d5d3a
4,23,1,1bc8052fc357986cea6bf530ff4d5d3a
5,18,0,1bc8052fc357986cea6bf530ff4d5d3a
8,10,1,1bc8052fc357986cea6bf530ff4d5d3a
4,12,0,1bc8052fc357986cea6bf530ff4d5d3a
9,13,0,1bc8052fc357986cea6bf530ff4d5d3a
3,5,0,1bc8052fc357986cea6bf530ff4d5d3a
7,17,1,1bc8052fc357986cea6bf530ff4d5d3a
10,13,0,1bc8052fc357986cea6bf530ff4d5d3a
18,23,1,1bc8052fc357986cea6bf530ff4d5d3a
0,13,0,1bc8052fc357986cea6bf530ff4d5d3a
15,21,0,1bc8052fc357986cea6bf530ff4d5d3a
0,4,1,1bc8052fc357986cea6bf530ff4d5d3a
4,23,1,1bc8052fc357986cea6bf530ff4d5d3a
18,23,1,1bc8052fc357986cea6bf530ff4d5d3a
8,21,0,1bc8052fc357986cea6bf530ff4d5d3a
10,21,0,1bc8052fc357986cea6bf530ff4d5d3a
14,19,1,1bc8052fc357986cea6bf530ff4d5d3a
9,12,0,1bc8052fc357986cea6bf530ff4d5d3a
7,18,1,1bc8052fc357986cea6bf530ff4d5d3a
15,23,1,1bc8052fc357986cea6bf530ff4d5d3a
8,20,0,1bc8052fc357986cea6bf530ff4d5d3a
0,18,0,1bc8052fc357986cea6bf530ff4d5d3a
18,22,0,1bc8052fc357986cea6bf530ff4d5d3a
2,4,1,1bc8052fc357986cea6bf530ff4d5d3a
14,16,1,1bc8052fc357986cea6bf530ff4d5d3a
8,16,1,1bc8052fc357986cea6bf530ff4d5d3a
2,8,0,1bc8052fc357986cea6bf530ff4d5d3a
18,22,1,1bc8052fc357986cea6bf530ff4d5d3a
0,17,0,1bc8052fc357986cea6bf530ff4d5d3a
1,10,0,1bc8052fc357986cea6bf530ff4d5d3a
1,13,0,1bc8052fc357986cea6bf530ff4d5d3a
17,20,0,1bc8052fc357986cea6bf530ff4d5d3a
10,13,0,1bc8052fc357986cea6bf530ff4d5d3a
6,14,0,1bc8052fc357986cea6bf530ff4d5d3a
18,22,1,1bc8052fc357986cea6bf530ff4d5d3a
4,9,1,1bc8052fc357986cea6bf530ff4d5d3a
1,16,0,1bc8052fc357986cea6bf530ff4d5d3a
10,11,0,1bc8052fc357986cea6bf530ff4d5d3a
18,22,1,1bc8052fc357986cea6bf530ff4d5d3a
2,18,0,1bc8052fc357986cea6bf530ff4d5d3a
6,21,0,1bc8052fc357986cea6bf530ff4d5d3a
1,21,0,1bc8052fc357986cea6bf530ff4d5d3a
15,23,1,1bc8052fc357986cea6bf530ff4d5d3a
15,17,0,1bc8052fc357986cea6bf530ff4d5d3a
10,16,0,1bc8052fc357986cea6bf530ff4d5d3a
5,19,0,1bc8052fc357986cea6bf530ff4d5d3a
2,15,1,1bc8052fc357986cea6bf530ff4d5d3a
7,8,1,1bc8052fc357986cea6bf530ff4d5d3a
3,17,0,1bc8052fc357986cea6bf530ff4d5d3a
1,3,0,1bc8052fc357986cea6bf530ff4d5d3a
4,5,0,1bc8052fc357986cea6bf530ff4d5d3a
3,6,1,1bc8052fc357986cea6bf530ff4d5d3a
10,13,0,1bc8052fc357986cea6bf530ff4d5d3a
16,22,1,1bc8052fc357986cea6bf530ff4d5d3a
2,22,1,1bc8052fc357986cea6bf530ff4d5d3a
6,7,0,1bc8052fc357986cea6bf530ff4d5d3a
11,18,1,1bc8052fc357986cea6bf530ff4d5d3a
18,23,1,1bc8052fc357986cea6bf530ff4d5d3a
4,15,1,1bc8052fc357986cea6bf530ff4d5d3a
18,23,1,1bc8052fc357986cea6bf530ff4d5d3a
1,15,0,1bc8052fc357986cea6bf530ff4d5d3a
1,15,0,1bc8052fc357986cea6bf530ff4d5d3a
0,19,0,1bc8052fc357986cea6bf530ff4d5d3a
0,4,1,1bc8052fc357986cea6bf530ff4d5d3a
3,13,0,1bc8052fc357986cea6bf530ff4d5d3a
4,10,0,1bc8052fc357986cea6bf530ff4d5d3a
1,7,0,1bc8052fc357986cea6bf530ff4d5d3a
16,18,0,1bc8052fc357986cea6bf530ff4d5d3a
2,3,0,1bc8052fc357986cea6bf530ff4d5d3a
16,21,0,1bc8052fc357986cea6bf530ff4d5d3a
11,13,1,1bc8052fc357986cea6bf530ff4d5d3a
3,19,0,1bc8052fc357986cea6bf530ff4d5d3a
1,10,0,1bc8052fc357986cea6bf530ff4d5d3a
0,8,0,1bc8052fc357986cea6bf530ff4d5d3a
21,22,1,1bc8052fc357986cea6bf530ff4d5d3a
9,18,0,1bc8052fc357986cea6bf530ff4d5d3a
7,17,1,1bc8052fc357986cea6bf530ff4d5d3a
2,12,0,1bc8052fc357986cea6bf530ff4d5d3a
12,23,1,1bc8052fc357986cea6bf530ff4d5d3a
2,23,1,1bc8052fc357986cea6bf530ff4d5d3a
7,16,1,1bc8052fc357986cea6bf530ff4d5d3a
5,16,0,1bc8052fc357986cea6bf530ff4d5d3a
13,21,1,1bc8052fc357986cea6bf530ff4d5d3a
1,14,0,1bc8052fc357986cea6bf530ff4d5d3a
12,13,0,1bc8052fc357986cea6bf530ff4d5d3a
17,22,0,1bc8052fc357986cea6bf530ff4d5d3a
3,5,0,1bc8052fc357986cea6bf530ff4d5d3a
0,23,0,1bc8052fc357986cea6bf530ff4d5d3a
22,23,1,1bc8052fc357986cea6bf530ff4d5d3a
4,21,0,1bc8052fc357986cea6bf530ff4d5d3a
19,23,1,1bc8052fc357986cea6bf530ff4d5d3a
2,9,1,1bc8052fc357986cea6bf530ff4d5d3a
4,5,1,1bc8052fc357986cea6bf530ff4d5d3a
9,11,0,1bc8052fc357986cea6bf530ff4d5d3a
19,22,1,1bc8052fc357986cea6bf530ff4d5d3a
3,4,0,1bc8052fc357986cea6bf530ff4d5d3a
5,22,0,1bc8052fc357986cea6bf530ff4d5d3a
4,12,0,1bc8052fc357986cea6bf530ff4d5d3a
3,22,0,1bc8052fc357986cea6bf530ff4d5d3a
7,21,1,1bc8052fc357986cea6bf530ff4d5d3a
0,2,0,1bc8052fc357986cea6bf530ff4d5d3a
15,21,1,1bc8052fc357986cea6bf530ff4d5d3a
1,7,0,1bc8052fc357986cea6bf530ff4d5d3a
4,16,1,1bc8052fc357986cea6bf530ff4d5d3a
9,21,0,1bc8052fc357986cea6bf530ff4d5d3a
1,11,0,1bc8052fc357986cea6bf530ff4d5d3a
11,12,0,1bc8052fc357986cea6bf530ff4d5d3a
0,4,0,1bc8052fc357986cea6bf530ff4d5d3a
11,22,1,1bc8052fc357986cea6bf530ff4d5d3a
5,14,0,1bc8052fc357986cea6bf530ff4d5d3a
11,17,1,1bc8052fc357986cea6bf530ff4d5d3a
10,19,0,1bc8052fc357986cea6bf530ff4d5d3a
9,22,0,1bc8052fc357986cea6bf530ff4d5d3a
0,16,0,1bc8052fc357986cea6bf530ff4d5d3a
10,16,0,1bc8052fc357986cea6bf530ff4d5d3a
17,21,1,ad9061e6631e00074ceef389777695ca
10,15,0,ad9061e6631e00074ceef389777695ca
2,5,1,ad9061e6631e00074ceef389777695ca
11,17,1,ad9061e6631e00074ceef389777695ca
4,19,1,ad9061e6631e00074ceef389777695ca
21,22,1,ad9061e6631e00074ceef389777695ca
13,18,1,ad9061e6631e00074ceef389777695ca
5,23,1,ad9061e6631e00074ceef389777695ca
1,20,0,ad9061e6631e00074ceef389777695ca
20,22,1,1bc8052fc357986cea6bf530ff4d5d3a
20,24,1,1bc8052fc357986cea6bf530ff4d5d3a
15,24,0,1bc8052fc357986cea6bf530ff4d5d3a
1,3,0,1bc8052fc357986cea6bf530ff4d5d3a
16,22,1,1bc8052fc357986cea6bf530ff4d5d3a
5,21,0,1bc8052fc357986cea6bf530ff4d5d3a
2,13,0,1bc8052fc357986cea6bf530ff4d5d3a
2,8,0,1bc8052fc357986cea6bf530ff4d5d3a
13,24,1,1bc8052fc357986cea6bf530ff4d5d3a
13,18,0,1bc8052fc357986cea6bf530ff4d5d3a
6,21,0,1bc8052fc357986cea6bf530ff4d5d3a
13,18,0,1bc8052fc357986cea6bf530ff4d5d3a
1,3,1,1bc8052fc357986cea6bf530ff4d5d3a
0,7,0,1bc8052fc357986cea6bf530ff4d5d3a
0,18,0,1bc8052fc357986cea6bf530ff4d5d3a
10,12,0,1bc8052fc357986cea6bf530ff4d5d3a
4,24,0,1bc8052fc357986cea6bf530ff4d5d3a
1,2,0,1bc8052fc357986cea6bf530ff4d5d3a
8,18,0,1bc8052fc357986cea6bf530ff4d5d3a
11,19,1,1bc8052fc357986cea6bf530ff4d5d3a
0,16,0,1bc8052fc357986cea6bf530ff4d5d3a
12,20,0,1bc8052fc357986cea6bf530ff4d5d3a
14,18,1,1bc8052fc357986cea6bf530ff4d5d3a
11,16,1,1bc8052fc357986cea6bf530ff4d5d3a
16,18,0,1bc8052fc357986cea6bf530ff4d5d3a
14,15,1,1bc8052fc357986cea6bf530ff4d5d3a
8,12,0,1bc8052fc357986cea6bf530ff4d5d3a
3,16,0,1bc8052fc357986cea6bf530ff4d5d3a
1,6,0,1bc8052fc357986cea6bf530ff4d5d3a
8,9,1,1bc8052fc357986cea6bf530ff4d5d3a
16,24,0,1bc8052fc357986cea6bf530ff4d5d3a
16,18,0,1bc8052fc357986cea6bf530ff4d5d3a
1,16,1,1bc8052fc357986cea6bf530ff4d5d3a
16,21,0,1bc8052fc357986cea6bf530ff4d5d3a
21,23,1,1bc8052fc357986cea6bf530ff4d5d3a
19,24,1,1bc8052fc357986cea6bf530ff4d5d3a
2,5,0,1bc8052fc357986cea6bf530ff4d5d3a
5,13,1,1bc8052fc357986cea6bf530ff4d5d3a
15,17,0,1bc8052fc357986cea6bf530ff4d5d3a
4,24,0,1bc8052fc357986cea6bf530ff4d5d3a
9,16,0,1bc8052fc357986cea6bf530ff4d5d3a
3,5,0,1bc8052fc357986cea6bf530ff4d5d3a
0,24,1,1bc8052fc357986cea6bf530ff4d5d3a
4,7,0,1bc8052fc357986cea6bf530ff4d5d3a
0,14,0,1bc8052fc357986cea6bf530ff4d5d3a
3,10,1,1bc8052fc357986cea6bf530ff4d5d3a
8,14,0,1bc8052fc357986cea6bf530ff4d5d3a
14,18,1,1bc8052fc357986cea6bf530ff4d5d3a
2,3,1,1bc8052fc357986cea6bf530ff4d5d3a
5,21,0,1bc8052fc357986cea6bf530ff4d5d3a
13,18,1,1bc8052fc357986cea6bf530ff4d5d3a
9,17,0,1bc8052fc357986cea6bf530ff4d5d3a
7,19,1,1bc8052fc357986cea6bf530ff4d5d3a
5,18,0,1bc8052fc357986cea6bf530ff4d5d3a
19,22,1,1bc8052fc357986cea6bf530ff4d5d3a
12,20,1,1bc8052fc357986cea6bf530ff4d5d3a
7,24,1,1bc8052fc357986cea6bf530ff4d5d3a
12,20,1,1bc8052fc357986cea6bf530ff4d5d3a
7,23,1,1bc8052fc357986cea6bf530ff4d5d3a
14,15,1,1bc8052fc357986cea6bf530ff4d5d3a
20,24,1,1bc8052fc357986cea6bf530ff4d5d3a
10,19,0,1bc8052fc357986cea6bf530ff4d5d3a
2,22,1,1bc8052fc357986cea6bf530ff4d5d3a
6,18,0,1bc8052fc357986cea6bf530ff4d5d3a
9,17,0,1bc8052fc357986cea6bf530ff4d5d3a
14,16,1,1bc8052fc357986cea6bf530ff4d5d3a
14,24,1,1bc8052fc357986cea6bf530ff4d5d3a
4,19,0,1bc8052fc357986cea6bf530ff4d5d3a
8,12,1,1bc8052fc357986cea6bf530ff4d5d3a
7,11,0,1bc8052fc357986cea6bf530ff4d5d3a
13,21,0,1bc8052fc357986cea6bf530ff4d5d3a
6,23,1,1bc8052fc357986cea6bf530ff4d5d3a
17,24,0,1bc8052fc357986cea6bf530ff4d5d3a
2,3,1,1bc8052fc357986cea6bf530ff4d5d3a
2,22,1,1bc8052fc357986cea6bf530ff4d5d3a
1,12,0,1bc8052fc357986cea6bf530ff4d5d3a
8,12,0,1bc8052fc357986cea6bf530ff4d5d3a
12,23,1,1bc8052fc357986cea6bf530ff4d5d3a
15,24,0,1bc8052fc357986cea6bf530ff4d5d3a
2,9,1,1bc8052fc357986cea6bf530ff4d5d3a
5,10,1,1bc8052fc357986cea6bf530ff4d5d3a
8,12,0,1bc8052fc357986cea6bf530ff4d5d3a
12,20,1,1bc8052fc357986cea6bf530ff4d5d3a
8,20,0,1bc8052fc357986cea6bf530ff4d5d3a
8,14,0,1bc8052fc357986cea6bf530ff4d5d3a
2,4,0,1bc8052fc357986cea6bf530ff4d5d3a
2,3,0,1bc8052fc357986cea6bf530ff4d5d3a
13,20,0,1bc8052fc357986cea6bf530ff4d5d3a
13,24,1,1bc8052fc357986cea6bf530ff4d5d3a
9,22,1,1bc8052fc357986cea6bf530ff4d5d3a
10,13,0,1bc8052fc357986cea6bf530ff4d5d3a
1,13,0,1bc8052fc357986cea6bf530ff4d5d3a
10,22,1,1bc8052fc357986cea6bf530ff4d5d3a
10,17,0,1bc8052fc357986cea6bf530ff4d5d3a
5,6,1,1bc8052fc357986cea6bf530ff4d5d3a
2,7,0,1bc8052fc357986cea6bf530ff4d5d3a
7,20,1,1bc8052fc357986cea6bf530ff4d5d3a
5,15,0,1bc8052fc357986cea6bf530ff4d5d3a
2,21,0,1bc8052fc357986cea6bf530ff4d5d3a
19,24,1,1bc8052fc357986cea6bf530ff4d5d3a
2,8,0,1bc8052fc357986cea6bf530ff4d5d3a
13,23,1,1bc8052fc357986cea6bf530ff4d5d3a
5,12,0,1bc8052fc357986cea6bf530ff4d5d3a
19,24,1,1bc8052fc357986cea6bf530ff4d5d3a
0,23,1,1bc8052fc357986cea6bf530ff4d5d3a
22,24,0,a49c4042286d41731acea43e16613517
1,20,1,a49c4042286d41731acea43e16613517
11,13,0,a49c4042286d41731acea43e16613517
2,12,0,a49c4042286d41731acea43e16613517
2,14,0,a49c4042286d41731acea43e16613517
2,24,0,a49c4042286d41731acea43e16613517
2,12,0,a49c4042286d41731acea43e16613517
5,20,1,a49c4042286d41731acea43e16613517
8,22,1,a49c4042286d41731acea43e16613517
6,14,0,a49c4042286d41731acea43e16613517
0,1,0,a49c4042286d41731acea43e16613517
13,23,1,a49c4042286d41731acea43e16613517
1,23,1,a49c4042286d41731acea43e16613517
10,18,1,a49c4042286d41731acea43e16613517
4,17,1,a49c4042286d41731acea43e16613517
1,14,0,a49c4042286d41731acea43e16613517
23,24,0,a49c4042286d41731acea43e16613517
19,23,0,a49c4042286d41731acea43e16613517
1,15,1,a49c4042286d41731acea43e16613517
1,8,0,a49c4042286d41731acea43e16613517
17,19,0,1bc8052fc357986cea6bf530ff4d5d3a
11,15,0,1bc8052fc357986cea6bf530ff4d5d3a
8,17,1,1bc8052fc357986cea6bf530ff4d5d3a
5,15,0,1bc8052fc357986cea6bf530ff4d5d3a
19,20,1,1bc8052fc357986cea6bf530ff4d5d3a
1,20,0,1bc8052fc357986cea6bf530ff4d5d3a
13,23,1,1bc8052fc357986cea6bf530ff4d5d3a
7,20,0,1bc8052fc357986cea6bf530ff4d5d3a
8,21,1,1bc8052fc357986cea6bf530ff4d5d3a
16,17,0,1bc8052fc357986cea6bf530ff4d5d3a
1,5,1,1bc8052fc357986cea6bf530ff4d5d3a
7,15,0,1bc8052fc357986cea6bf530ff4d5d3a
18,21,1,1bc8052fc357986cea6bf530ff4d5d3a
5,12,0,1bc8052fc357986cea6bf530ff4d5d3a
0,5,0,1bc8052fc357986cea6bf530ff4d5d3a
0,4,1,1bc8052fc357986cea6bf530ff4d5d3a
1,7,1,1bc8052fc357986cea6bf530ff4d5d3a
2,6,1,1bc8052fc357986cea6bf530ff4d5d3a
5,16,1,1bc8052fc357986cea6bf530ff4d5d3a
10,15,1,1bc8052fc357986cea6bf530ff4d5d3a
3,4,0,1bc8052fc357986cea6bf530ff4d5d3a
12,19,1,1bc8052fc357986cea6bf530ff4d5d3a
1,6,1,1bc8052fc357986cea6bf530ff4d5d3a
2,10,0,1bc8052fc357986cea6bf530ff4d5d3a
0,2,1,1bc8052fc357986cea6bf530ff4d5d3a
10,21,1,1bc8052fc357986cea6bf530ff4d5d3a
9,23,0,1bc8052fc357986cea6bf530ff4d5d3a
0,7,1,1bc8052fc357986cea6bf530ff4d5d3a
3,12,0,1bc8052fc357986cea6bf530ff4d5d3a
12,21,1,1bc8052fc357986cea6bf530ff4d5d3a
1,16,1,1bc8052fc357986cea6bf530ff4d5d3a
17,23,1,1bc8052fc357986cea6bf530ff4d5d3a
0,2,1,1bc8052fc357986cea6bf530ff4d5d3a
8,9,1,1bc8052fc357986cea6bf530ff4d5d3a
8,22,1,1bc8052fc357986cea6bf530ff4d5d3a
10,23,0,1bc8052fc357986cea6bf530ff4d5d3a
3,6,0,1bc8052fc357986cea6bf530ff4d5d3a
2,22,1,1bc8052fc357986cea6bf530ff4d5d3a
0,14,0,1bc8052fc357986cea6bf530ff4d5d3a
16,22,0,1bc8052fc357986cea6bf530ff4d5d3a
0,14,1,1bc8052fc357986cea6bf530ff4d5d3a
1,4,1,1bc8052fc357986cea6bf530ff4d5d3a
2,3,1,1bc8052fc357986cea6bf530ff4d5d3a
13,24,0,1bc8052fc357986cea6bf530ff4d5d3a
4,10,0,1bc8052fc357986cea6bf530ff4d5d3a
14,20,0,1bc8052fc357986cea6bf530ff4d5d3a
22,24,0,1bc8052fc357986cea6bf530ff4d5d3a
12,19,1,1bc8052fc357986cea6bf530ff4d5d3a
1,24,0,1bc8052fc357986cea6bf530ff4d5d3a
12,18,0,1bc8052fc357986cea6bf530ff4d5d3a
13,21,0,1bc8052fc357986cea6bf530ff4d5d3a
15,16,0,1bc8052fc357986cea6bf530ff4d5d3a
3,24,0,1bc8052fc357986cea6bf530ff4d5d3a
8,21,1,1bc8052fc357986cea6bf530ff4d5d3a
13,23,0,1bc8052fc357986cea6bf530ff4d5d3a
11,13,1,1bc8052fc357986cea6bf530ff4d5d3a
14,21,0,1bc8052fc357986cea6bf530ff4d5d3a
18,21,1,1bc8052fc357986cea6bf530ff4d5d3a
10,19,1,1bc8052fc357986cea6bf530ff4d5d3a
4,8,0,1bc8052fc357986cea6bf530ff4d5d3a
2,12,0,1bc8052fc357986cea6bf530ff4d5d3a
7,8,0,1bc8052fc357986cea6bf530ff4d5d3a
17,18,0,1bc8052fc357986cea6bf530ff4d5d3a
1,11,0,1bc8052fc357986cea6bf530ff4d5d3a
12,15,1,1bc8052fc357986cea6bf530ff4d5d3a
0,16,1,1bc8052fc357986cea6bf530ff4d5d3a
9,10,0,1bc8052fc357986cea6bf530ff4d5d3a
13,23,1,1bc8052fc357986cea6bf530ff4d5d3a
4,23,1,1bc8052fc357986cea6bf530ff4d5d3a
4,18,0,1bc8052fc357986cea6bf530ff4d5d3a
10,12,1,1bc8052fc357986cea6bf530ff4d5d3a
3,20,0,1bc8052fc357986cea6bf530ff4d5d3a
14,21,0,1bc8052fc357986cea6bf530ff4d5d3a
9,24,0,1bc8052fc357986cea6bf530ff4d5d3a
16,17,0,1bc8052fc357986cea6bf530ff4d5d3a
1,15,1,1bc8052fc357986cea6bf530ff4d5d3a
4,20,0,1bc8052fc357986cea6bf530ff4d5d3a
14,16,0,1bc8052fc357986cea6bf530ff4d5d3a
14,19,0,1bc8052fc357986cea6bf530ff4d5d3a
7,21,0,1bc8052fc357986cea6bf530ff4d5d3a
3,8,0,1bc8052fc357986cea6bf530ff4d5d3a
4,5,1,1bc8052fc357986cea6bf530ff4d5d3a
3,23,0,1bc8052fc357986cea6bf530ff4d5d3a
12,13,0,1bc8052fc357986cea6bf530ff4d5d3a
2,5,1,1bc8052fc357986cea6bf530ff4d5d3a
2,7,0,1bc8052fc357986cea6bf530ff4d5d3a
5,18,0,1bc8052fc357986cea6bf530ff4d5d3a
11,17,1,1bc8052fc357986cea6bf530ff4d5d3a
3,18,0,1bc8052fc357986cea6bf530ff4d5d3a
19,20,0,1bc8052fc357986cea6bf530ff4d5d3a
10,11,1,1bc8052fc357986cea6bf530ff4d5d3a
2,22,1,1bc8052fc357986cea6bf530ff4d5d3a
2,10,0,1bc8052fc357986cea6bf530ff4d5d3a
7,12,0,1bc8052fc357986cea6bf530ff4d5d3a
8,11,1,1bc8052fc357986cea6bf530ff4d5d3a
13,18,0,1bc8052fc357986cea6bf530ff4d5d3a
0,6,1,1bc8052fc357986cea6bf530ff4d5d3a
1,4,1,1bc8052fc357986cea6bf530ff4d5d3a
13,16,0,1bc8052fc357986cea6bf530ff4d5d3a
8,14,1,1bc8052fc357986cea6bf530ff4d5d3a
7,17,0,1bc8052fc357986cea6bf530ff4d5d3a
16,21,0,1bc8052fc357986cea6bf530ff4d5d3a
5,20,0,1bc8052fc357986cea6bf530ff4d5d3a
13,17,1,1bc8052fc357986cea6bf530ff4d5d3a
3,12,1,1bc8052fc357986cea6bf530ff4d5d3a
4,16,0,1bc8052fc357986cea6bf530ff4d5d3a
13,17,1,1bc8052fc357986cea6bf530ff4d5d3a
1,16,0,1bc8052fc357986cea6bf530ff4d5d3a
10,21,1,1bc8052fc357986cea6bf530ff4d5d3a
13,14,1,1bc8052fc357986cea6bf530ff4d5d3a
2,17,0,1bc8052fc357986cea6bf530ff4d5d3a
5,10,0,1bc8052fc357986cea6bf530ff4d5d3a
7,17,1,1bc8052fc357986cea6bf530ff4d5d3a
16,20,0,1bc8052fc357986cea6bf530ff4d5d3a
0,19,0,1bc8052fc357986cea6bf530ff4d5d3a
14,16,0,1bc8052fc357986cea6bf530ff4d5d3a
9,22,0,1bc8052fc357986cea6bf530ff4d5d3a
10,23,1,1bc8052fc357986cea6bf530ff4d5d3a
11,12,1,1bc8052fc357986cea6bf530ff4d5d3a
6,15,0,1bc8052fc357986cea6bf530ff4d5d3a
2,16,0,1bc8052fc357986cea6bf530ff4d5d3a
4,23,0,1bc8052fc357986cea6bf530ff4d5d3a
2,11,0,1bc8052fc357986cea6bf530ff4d5d3a
20,22,1,1bc8052fc357986cea6bf530ff4d5d3a
22,23,0,1bc8052fc357986cea6bf530ff4d5d3a
1,11,0,1bc8052fc357986cea6bf530ff4d5d3a
3,15,1,1bc8052fc357986cea6bf530ff4d5d3a
16,21,1,1bc8052fc357986cea6bf530ff4d5d3a
16,24,0,1bc8052fc357986cea6bf530ff4d5d3a
14,17,0,1bc8052fc357986cea6bf530ff4d5d3a
12,16,0,1bc8052fc357986cea6bf530ff4d5d3a
4,13,1,1bc8052fc357986cea6bf530ff4d5d3a
11,16,1,1bc8052fc357986cea6bf530ff4d5d3a
2,24,1,1bc8052fc357986cea6bf530ff4d5d3a
6,9,0,1bc8052fc357986cea6bf530ff4d5d3a
9,24,1,1bc8052fc357986cea6bf530ff4d5d3a
13,24,0,1bc8052fc357986cea6bf530ff4d5d3a
14,23,0,1bc8052fc357986cea6bf530ff4d5d3a
6,19,0,1bc8052fc357986cea6bf530ff4d5d3a
9,12,0,1bc8052fc357986cea6bf530ff4d5d3a
1,24,1,1bc8052fc357986cea6bf530ff4d5d3a
4,5,1,1bc8052fc357986cea6bf530ff4d5d3a
5,18,0,1bc8052fc357986cea6bf530ff4d5d3a
5,7,0,1bc8052fc357986cea6bf530ff4d5d3a
4,9,0,1bc8052fc357986cea6bf530ff4d5d3a
6,21,0,1bc8052fc357986cea6bf530ff4d5d3a
2,11,0,1bc8052fc357986cea6bf530ff4d5d3a
2,14,0,1bc8052fc357986cea6bf530ff4d5d3a
14,23,0,1bc8052fc357986cea6bf530ff4d5d3a
7,21,1,1bc8052fc357986cea6bf530ff4d5d3a
1,19,1,1bc8052fc357986cea6bf530ff4d5d3a
4,9,1,1bc8052fc357986cea6bf530ff4d5d3a
0,4,1,1bc8052fc357986cea6bf530ff4d5d3a
0,19,0,1bc8052fc357986cea6bf530ff4d5d3a
3,23,0,1bc8052fc357986cea6bf530ff4d5d3a
4,12,0,1bc8052fc357986cea6bf530ff4d5d3a
11,16,1,1bc8052fc357986cea6bf530ff4d5d3a
20,21,1,1bc8052fc357986cea6bf530ff4d5d3a
2,20,0,1bc8052fc357986cea6bf530ff4d5d3a
22,25,1,1bc8052fc357986cea6bf530ff4d5d3a
0,3,1,1bc8052fc357986cea6bf530ff4d5d3a
13,23,0,1bc8052fc357986cea6bf530ff4d5d3a
0,24,0,1bc8052fc357986cea6bf530ff4d5d3a
12,14,0,1bc8052fc357986cea6bf530ff4d5d3a
8,20,1,1bc8052fc357986cea6bf530ff4d5d3a
5,17,1,1bc8052fc357986cea6bf530ff4d5d3a
11,15,0,1bc8052fc357986cea6bf530ff4d5d3a
13,24,0,1bc8052fc357986cea6bf530ff4d5d3a
11,21,1,1bc8052fc357986cea6bf530ff4d5d3a
10,14,1,1bc8052fc357986cea6bf530ff4d5d3a
15,19,0,1bc8052fc357986cea6bf530ff4d5d3a
5,14,1,1bc8052fc357986cea6bf530ff4d5d3a
23,25,1,1bc8052fc357986cea6bf530ff4d5d3a
2,11,0,1bc8052fc357986cea6bf530ff4d5d3a
6,25,0,1bc8052fc357986cea6bf530ff4d5d3a
13,22,0,1bc8052fc357986cea6bf530ff4d5d3a
5,18,1,1bc8052fc357986cea6bf530ff4d5d3a
0,21,1,1bc8052fc357986cea6bf530ff4d5d3a
21,22,0,1bc8052fc357986cea6bf530ff4d5d3a
4,12,0,1bc8052fc357986cea6bf530ff4d5d3a
9,16,0,1bc8052fc357986cea6bf530ff4d5d3a
2,12,0,1bc8052fc357986cea6bf530ff4d5d3a
0,10,0,1bc8052fc357986cea6bf530ff4d5d3a
9,21,0,1bc8052fc357986cea6bf530ff4d5d3a
7,21,1,1bc8052fc357986cea6bf530ff4d5d3a
1,14,1,1bc8052fc357986cea6bf530ff4d5d3a
8,16,1,1bc8052fc357986cea6bf530ff4d5d3a
4,7,0,1bc8052fc357986cea6bf530ff4d5d3a
14,23,0,1bc8052fc357986cea6bf530ff4d5d3a
22,23,1,1bc8052fc357986cea6bf530ff4d5d3a
8,21,1,1bc8052fc357986cea6bf530ff4d5d3a
5,13,1,1bc8052fc357986cea6bf530ff4d5d3a
15,25,1,1bc8052fc357986cea6bf530ff4d5d3a
1,7,1,1bc8052fc357986cea6bf530ff4d5d3a
2,21,0,1bc8052fc357986cea6bf530ff4d5d3a
3,20,0,1bc8052fc357986cea6bf530ff4d5d3a
11,12,1,1bc8052fc357986cea6bf530ff4d5d3a
6,7,0,1bc8052fc357986cea6bf530ff4d5d3a
11,15,1,1bc8052fc357986cea6bf530ff4d5d3a
12,25,1,1bc8052fc357986cea6bf530ff4d5d3a
10,15,1,1bc8052fc357986cea6bf530ff4d5d3a
8,23,0,1bc8052fc357986cea6bf530ff4d5d3a
0,22,0,1bc8052fc357986cea6bf530ff4d5d3a
1,7,1,1bc8052fc357986cea6bf530ff4d5d3a
13,18,0,1bc8052fc357986cea6bf530ff4d5d3a
6,15,0,1bc8052fc357986cea6bf530ff4d5d3a
10,18,1,1bc8052fc357986cea6bf530ff4d5d3a
1,14,1,1bc8052fc357986cea6bf530ff4d5d3a
20,25,1,1bc8052fc357986cea6bf530ff4d5d3a
14,20,0,1bc8052fc357986cea6bf530ff4d5d3a
6,18,0,1bc8052fc357986cea6bf530ff4d5d3a
16,25,1,1bc8052fc357986cea6bf530ff4d5d3a
7,9,0,1bc8052fc357986cea6bf530ff4d5d3a
0,22,0,1bc8052fc357986cea6bf530ff4d5d3a
0,2,1,1bc8052fc357986cea6bf530ff4d5d3a
9,25,1,1bc8052fc357986cea6bf530ff4d5d3a
7,21,1,1bc8052fc357986cea6bf530ff4d5d3a
11,25,1,1bc8052fc357986cea6bf530ff4d5d3a
5,12,1,1bc8052fc357986cea6bf530ff4d5d3a
17,18,0,1bc8052fc357986cea6bf530ff4d5d3a
0,5,1,1bc8052fc357986cea6bf530ff4d5d3a
0,15,1,1bc8052fc357986cea6bf530ff4d5d3a
2,13,0,1bc8052fc357986cea6bf530ff4d5d3a
0,10,0,1bc8052fc357986cea6bf530ff4d5d3a
1,4,1,1bc8052fc357986cea6bf530ff4d5d3a
1,14,1,1bc8052fc357986cea6bf530ff4d5d3a
3,24,0,1bc8052fc357986cea6bf530ff4d5d3a
7,21,0,1bc8052fc357986cea6bf530ff4d5d3a
1,20,0,1bc8052fc357986cea6bf530ff4d5d3a
12,25,1,1bc8052fc357986cea6bf530ff4d5d3a
21,25,1,1bc8052fc357986cea6bf530ff4d5d3a
0,17,1,1bc8052fc357986cea6bf530ff4d5d3a
5,6,1,1bc8052fc357986cea6bf530ff4d5d3a
0,25,1,1bc8052fc357986cea6bf530ff4d5d3a
4,16,1,1bc8052fc357986cea6bf530ff4d5d3a
5,23,1,1bc8052fc357986cea6bf530ff4d5d3a
6,11,0,1bc8052fc357986cea6bf530ff4d5d3a
0,24,0,1bc8052fc357986cea6bf530ff4d5d3a
5,6,1,1bc8052fc357986cea6bf530ff4d5d3a
4,5,1,1bc8052fc357986cea6bf530ff4d5d3a
15,24,0,1bc8052fc357986cea6bf530ff4d5d3a
1,14,1,1bc8052fc357986cea6bf530ff4d5d3a
1,4,0,1bc8052fc357986cea6bf530ff4d5d3a
12,16,1,1bc8052fc357986cea6bf530ff4d5d3a
4,12,1,1bc8052fc357986cea6bf530ff4d5d3a
0,7,1,1bc8052fc357986cea6bf530ff4d5d3a
11,17,1,1bc8052fc357986cea6bf530ff4d5d3a
5,14,1,1bc8052fc357986cea6bf530ff4d5d3a
21,23,1,1bc8052fc357986cea6bf530ff4d5d3a
18,20,1,1bc8052fc357986cea6bf530ff4d5d3a
18,20,1,1bc8052fc357986cea6bf530ff4d5d3a
22,24,0,1bc8052fc357986cea6bf530ff4d5d3a
17,20,0,1bc8052fc357986cea6bf530ff4d5d3a
2,4,0,1bc8052fc357986cea6bf530ff4d5d3a
10,13,0,1bc8052fc357986cea6bf530ff4d5d3a
0,23,1,1bc8052fc357986cea6bf530ff4d5d3a
13,16,1,1bc8052fc357986cea6bf530ff4d5d3a
19,23,1,1bc8052fc357986cea6bf530ff4d5d3a
6,24,0,1bc8052fc357986cea6bf530ff4d5d3a
2,9,1,1bc8052fc357986cea6bf530ff4d5d3a
13,17,1,1bc8052fc357986cea6bf530ff4d5d3a
13,16,1,1bc8052fc357986cea6bf530ff4d5d3a
13,21,0,1bc8052fc357986cea6bf530ff4d5d3a
5,15,1,1bc8052fc357986cea6bf530ff4d5d3a
17,20,0,1bc8052fc357986cea6bf530ff4d5d3a
0,14,1,1bc8052fc357986cea6bf530ff4d5d3a
17,23,1,1bc8052fc357986cea6bf530ff4d5d3a
5,12,1,1bc8052fc357986cea6bf530ff4d5d3a
3,5,0,1bc8052fc357986cea6bf530ff4d5d3a
16,19,0,1bc8052fc357986cea6bf530ff4d5d3a
20,21,0,1bc8052fc357986cea6bf530ff4d5d3a
13,18,0,1bc8052fc357986cea6bf530ff4d5d3a
6,14,0,1bc8052fc357986cea6bf530ff4d5d3a
0,5,0,1bc8052fc357986cea6bf530ff4d5d3a
3,22,1,1bc8052fc357986cea6bf530ff4d5d3a
1,7,0,1bc8052fc357986cea6bf530ff4d5d3a
2,10,1,1bc8052fc357986cea6bf530ff4d5d3a
7,12,1,1bc8052fc357986cea6bf530ff4d5d3a
15,22,0,1bc8052fc357986cea6bf530ff4d5d3a
5,17,0,1bc8052fc357986cea6bf530ff4d5d3a
20,26,1,1bc8052fc357986cea6bf530ff4d5d3a
1,8,0,1bc8052fc357986cea6bf530ff4d5d3a
12,17,1,1bc8052fc357986cea6bf530ff4d5d3a
2,6,1,1bc8052fc357986cea6bf530ff4d5d3a
0,2,0,1bc8052fc357986cea6bf530ff4d5d3a
8,22,1,1bc8052fc357986cea6bf530ff4d5d3a
15,20,0,1bc8052fc357986cea6bf530ff4d5d3a
11,14,1,1bc8052fc357986cea6bf530ff4d5d3a
7,19,1,1bc8052fc357986cea6bf530ff4d5d3a
3,18,0,1bc8052fc357986cea6bf530ff4d5d3a
6,19,0,1bc8052fc357986cea6bf530ff4d5d3a
19,26,1,1bc8052fc357986cea6bf530ff4d5d3a
11,17,1,1bc8052fc357986cea6bf530ff4d5d3a
2,4,0,1bc8052fc357986cea6bf530ff4d5d3a
6,17,0,1bc8052fc357986cea6bf530ff4d5d3a
0,8,0,1bc8052fc357986cea6bf530ff4d5d3a
18,26,1,1bc8052fc357986cea6bf530ff4d5d3a
2,7,0,1bc8052fc357986cea6bf530ff4d5d3a
14,23,1,1bc8052fc357986cea6bf530ff4d5d3a
5,21,0,1bc8052fc357986cea6bf530ff4d5d3a
11,18,0,1bc8052fc357986cea6bf530ff4d5d3a
9,20,0,1bc8052fc357986cea6bf530ff4d5d3a
9,25,1,1bc8052fc357986cea6bf530ff4d5d3a
2,13,0,1bc8052fc357986cea6bf530ff4d5d3a
21,26,1,1bc8052fc357986cea6bf530ff4d5d3a
0,12,1,1bc8052fc357986cea6bf530ff4d5d3a
19,22,1,1bc8052fc357986cea6bf530ff4d5d3a
17,20,0,1bc8052fc357986cea6bf530ff4d5d3a
0,6,1,1bc8052fc357986cea6bf530ff4d5d3a
9,23,1,1bc8052fc357986cea6bf530ff4d5d3a
16,24,0,1bc8052fc357986cea6bf530ff4d5d3a
15,23,1,1bc8052fc357986cea6bf530ff4d5d3a
16,25,1,1bc8052fc357986cea6bf530ff4d5d3a
1,3,0,1bc8052fc357986cea6bf530ff4d5d3a
2,6,1,1bc8052fc357986cea6bf530ff4d5d3a
2,25,0,1bc8052fc357986cea6bf530ff4d5d3a
1,6,0,1bc8052fc357986cea6bf530ff4d5d3a
15,25,1,1bc8052fc357986cea6bf530ff4d5d3a
17,26,1,1bc8052fc357986cea6bf530ff4d5d3a
10,26,1,1bc8052fc357986cea6bf530ff4d5d3a
22,23,1,1bc8052fc357986cea6bf530ff4d5d3a
9,22,0,1bc8052fc357986cea6bf530ff4d5d3a
18,20,1,1bc8052fc357986cea6bf530ff4d5d3a
1,18,0,1bc8052fc357986cea6bf530ff4d5d3a
18,21,0,1bc8052fc357986cea6bf530ff4d5d3a
10,11,0,1bc8052fc357986cea6bf530ff4d5d3a
21,26,1,1bc8052fc357986cea6bf530ff4d5d3a
4,5,1,1bc8052fc357986cea6bf530ff4d5d3a
22,26,1,1bc8052fc357986cea6bf530ff4d5d3a
3,12,0,1bc8052fc357986cea6bf530ff4d5d3a
22,24,0,1bc8052fc357986cea6bf530ff4d5d3a
2,26,1,1bc8052fc357986cea6bf530ff4d5d3a
7,24,0,1bc8052fc357986cea6bf530ff4d5d3a
3,13,1,1bc8052fc357986cea6bf530ff4d5d3a
19,22,1,1bc8052fc357986cea6bf530ff4d5d3a
5,22,0,1bc8052fc357986cea6bf530ff4d5d3a
1,16,0,1bc8052fc357986cea6bf530ff4d5d3a
5,6,1,1bc8052fc357986cea6bf530ff4d5d3a
7,21,0,1bc8052fc357986cea6bf530ff4d5d3a
9,19,0,1bc8052fc357986cea6bf530ff4d5d3a
22,25,1,1bc8052fc357986cea6bf530ff4d5d3a
1,17,0,1bc8052fc357986cea6bf530ff4d5d3a
6,12,0,1bc8052fc357986cea6bf530ff4d5d3a
7,9,1,1bc8052fc357986cea6bf530ff4d5d3a
7,9,1,1bc8052fc357986cea6bf530ff4d5d3a
12,20,0,1bc8052fc357986cea6bf530ff4d5d3a
15,17,0,1bc8052fc357986cea6bf530ff4d5d3a
4,8,0,1bc8052fc357986cea6bf530ff4d5d3a
7,18,0,1bc8052fc357986cea6bf530ff4d5d3a
3,19,0,1bc8052fc357986cea6bf530ff4d5d3a
0,4,1,1bc8052fc357986cea6bf530ff4d5d3a
0,2,1,1bc8052fc357986cea6bf530ff4d5d3a
6,12,0,1bc8052fc357986cea6bf530ff4d5d3a
5,14,0,1bc8052fc357986cea6bf530ff4d5d3a
10,15,0,1bc8052fc357986cea6bf530ff4d5d3a
12,25,1,1bc8052fc357986cea6bf530ff4d5d3a
4,13,0,1bc8052fc357986cea6bf530ff4d5d3a
17,20,1,1bc8052fc357986cea6bf530ff4d5d3a
11,18,0,1bc8052fc357986cea6bf530ff4d5d3a
23,26,1,1bc8052fc357986cea6bf530ff4d5d3a
13,21,1,3088bafd05c8e6bcdf1526976dcf9e73
9,16,1,3088bafd05c8e6bcdf1526976dcf9e73
4,19,1,3088bafd05c8e6bcdf1526976dcf9e73
20,22,1,3088bafd05c8e6bcdf1526976dcf9e73
0,9,0,3088bafd05c8e6bcdf1526976dcf9e73
12,21,0,1bc8052fc357986cea6bf530ff4d5d3a
3,11,0,1bc8052fc357986cea6bf530ff4d5d3a
8,17,1,1bc8052fc357986cea6bf530ff4d5d3a
6,7,0,1bc8052fc357986cea6bf530ff4d5d3a
15,22,0,1bc8052fc357986cea6bf530ff4d5d3a
1,3,1,1bc8052fc357986cea6bf530ff4d5d3a
0,13,1,1bc8052fc357986cea6bf530ff4d5d3a
11,17,1,1bc8052fc357986cea6bf530ff4d5d3a
0,3,1,1bc8052fc357986cea6bf530ff4d5d3a
3,11,0,1bc8052fc357986cea6bf530ff4d5d3a
5,16,1,1bc8052fc357986cea6bf530ff4d5d3a
3,18,0,1bc8052fc357986cea6bf530ff4d5d3a
2,4,1,1bc8052fc357986cea6bf530ff4d5d3a
6,21,0,1bc8052fc357986cea6bf530ff4d5d3a
1,15,0,1bc8052fc357986cea6bf530ff4d5d3a
0,20,0,1bc8052fc357986cea6bf530ff4d5d3a
7,18,0,1bc8052fc357986cea6bf530ff4d5d3a
14,25,1,1bc8052fc357986cea6bf530ff4d5d3a
1,21,0,1bc8052fc357986cea6bf530ff4d5d3a
9,25,0,1bc8052fc357986cea6bf530ff4d5d3a
11,25,1,1bc8052fc357986cea6bf530ff4d5d3a
16,19,0,1bc8052fc357986cea6bf530ff4d5d3a
5,22,1,1bc8052fc357986cea6bf530ff4d5d3a
17,25,0,1bc8052fc357986cea6bf530ff4d5d3a
23,25,0,1bc8052fc357986cea6bf530ff4d5d3a
17,18,0,1bc8052fc357986cea6bf530ff4d5d3a
13,23,1,1bc8052fc357986cea6bf530ff4d5d3a
0,9,1,1bc8052fc357986cea6bf530ff4d5d3a
4,7,0,1bc8052fc357986cea6bf530ff4d5d3a
4,12,0,1bc8052fc357986cea6bf530ff4d5d3a
18,24,1,1bc8052fc357986cea6bf530ff4d5d3a
22,26,0,1bc8052fc357986cea6bf530ff4d5d3a
14,19,0,1bc8052fc357986cea6bf530ff4d5d3a
0,16,0,1bc8052fc357986cea6bf530ff4d5d3a
19,26,1,1bc8052fc357986cea6bf530ff4d5d3a
13,22,1,1bc8052fc357986cea6bf530ff4d5d3a
17,25,0,1bc8052fc357986cea6bf530ff4d5d3a
0,10,1,1bc8052fc357986cea6bf530ff4d5d3a
13,17,1,1bc8052fc357986cea6bf530ff4d5d3a
3,6,1,1bc8052fc357986cea6bf530ff4d5d3a
9,18,0,1bc8052fc357986cea6bf530ff4d5d3a
4,8,0,1bc8052fc357986cea6bf530ff4d5d3a
1,4,0,1bc8052fc357986cea6bf530ff4d5d3a
12,13,1,1bc8052fc357986cea6bf530ff4d5d3a
20,21,1,1bc8052fc357986cea6bf530ff4d5d3a
18,23,1,1bc8052fc357986cea6bf530ff4d5d3a
1,12,0,1bc8052fc357986cea6bf530ff4d5d3a
14,24,1,1bc8052fc357986cea6bf530ff4d5d3a
23,24,0,1bc8052fc357986cea6bf530ff4d5d3a
8,9,0,bb46446679ac2f7a52adb0d674f63a36
11,23,0,bb46446679ac2f7a52adb0d674f63a36
10,21,1,bb46446679ac2f7a52adb0d674f63a36
1,25,1,bb46446679ac2f7a52adb0d674f63a36
8,17,0,bb46446679ac2f7a52adb0d674f63a36
15,25,1,bb46446679ac2f7a52adb0d674f63a36
3,23,0,bb46446679ac2f7a52adb0d674f63a36
6,26,1,bb46446679ac2f7a52adb0d674f63a36
13,23,1,bb46446679ac2f7a52adb0d674f63a36
11,23,0,bb46446679ac2f7a52adb0d674f63a36
0,14,0,bb46446679ac2f7a52adb0d674f63a36
12,23,1,bb46446679ac2f7a52adb0d674f63a36
20,24,0,bb46446679ac2f7a52adb0d674f63a36
12,24,0,bb46446679ac2f7a52adb0d674f63a36
2,20,1,bb46446679ac2f7a52adb0d674f63a36
12,20,1,bb46446679ac2f7a52adb0d674f63a36
7,24,0,bb46446679ac2f7a52adb0d674f63a36
1,17,1,bb46446679ac2f7a52adb0d674f63a36
0,9,0,bb46446679ac2f7a52adb0d674f63a36
5,14,0,bb46446679ac2f7a52adb0d674f63a36
15,24,0,bb46446679ac2f7a52adb0d674f63a36
8,19,0,bb46446679ac2f7a52adb0d674f63a36
6,12,0,3a5387a6c10e05c7f50c612244300d68
18,22,1,b24bc7d11b9a91e35ec113f8bde91712
11,22,1,b24bc7d11b9a91e35ec113f8bde91712
